Workbook

Sheet yields_BRUTE
A1: Choix_Jeudi | B1: Date | C1: 42064 | D1: 42078 | E1: 42156 | F1: 42248 | G1: 42262 | H1: 42339 | I1: 42339 | J1: 42430 | K1: 42444 | L1: 42522 | M1: 42614 | N1: 42614 | O1: 42628 | P1: 42705 | Q1: 42809 | R1: 42887 | S1: 42993 | T1: 43070 | U1: 43174 | V1: 43252 | W1: 43358 | X1: 43435 | Y1: 43539 | Z1: 43617 | AA1: 43723 | AB1: 43800 | AC1: 43905 | AD1: 43983 | AE1: 43983 | AF1: 44089 | AG1: 44166 | AH1: 44270 | AI1: 44270 | AJ1: 44348 | AK1: 44348 | AL1: 44531 | AM1: 44713 | AN1: 44713 | AO1: 44896 | AP1: 45078 | AQ1: 45078 | AR1: 45261 | AS1: 45444 | AT1: 45627 | AU1: 45809 | AV1: 45809 | AW1: 47453 | AX1: 47635 | AY1: 47818 | AZ1: 48000 | BA1: 48183 | BB1: 48366 | BC1: 48549 | BD1: 48731 | BE1: 48731 | BF1: 51836 | BG1: 52018 | BH1: 52201 | BI1: 52383 | BJ1: 52566 | BK1: 52749 | BL1: 52932 | BM1: 53114 | BN1: 53297 | BO1: 53297 | BP1: 53479 | BQ1: 53662 | BR1: 53844 | BS1: 54027 | BT1: 54210 | BU1: 54393 | BV1: 54393 | BW1: 54575 | BX1: 54758 | BY1: 54940 | BZ1: 55123 | CA1: 55305 | CB1: 55488 | CC1: 55671 | CD1: 55854 | CE1: 56036 | CF1: 56219 | CG1: 56401 | CH1: 56584 | CI1: 56766 | CJ1: 56949 | CK1: 57132 | CL1: 57315 | CM1: 57497 | CN1: 57680 | CO1: 57862 | CP1: 58045 | CQ1: 58227 | CR1: 58410 | CS1: 58593 | CT1: 58776 | CU1: 58958 | CV1: 59141 | CW1: 59323 | CX1: 59506 | CY1: 59688 | CZ1: 59871 | DA1: 60054 | DB1: 60237 | DC1: 60237
A2: =WEEKDAY(B2) -> 6 | B2: 42006 | C2: 0.88329 | D2: 0.97628 | E2: 0.94752 | F2: 0.95279 | G2: 0.97214 | H2: 1.02206 | I2: 1.03671 | J2: 0.96034 | K2: 0.99392 | L2: 1.01631 | M2: 1.01343 | N2: 0.99933 | O2: 1.10608 | P2: 1.11466 | Q2: 1.04766 | R2: 1.0728 | S2: 1.15012 | T2: 1.19306 | U2: 1.2104 | V2: 1.2312 | W2: 1.28181 | X2: 1.34603 | Y2: 1.39843 | Z2: 1.34612 | AA2: 1.41706 | AB2: 1.41125 | AC2: 1.45638 | AD2: 1.41446 | AE2: 1.36108 | AF2: 1.51236 | AG2: 1.54594 | AH2: 1.60034 | AI2: 1.5843 | AJ2: 1.61886 | AK2: 1.45353 | AL2: 1.67725 | AM2: 1.73723 | AN2: 1.5939 | AO2: 1.79204 | AP2: 1.83093 | AQ2: 1.65731 | AR2: 1.88245 | AS2: 1.92497 | AT2: 1.95502 | AU2: 1.97108 | AV2: 1.88951 | AW2: 2.24468 | AX2: 2.24459 | AY2: 2.28349 | AZ2: 2.30524 | BA2: 2.32965 | BB2: 2.36229 | BC2: 2.38392 | BD2: 2.39882 | BE2: 2.28741 | BF2: 2.43362 | BG2: 2.42366 | BH2: 2.41349 | BI2: 2.40765 | BJ2: 2.40767 | BK2: 2.40502 | BL2: 2.40005 | BM2: 2.39435 | BN2: 2.39465 | BO2: 2.32379 | BP2: 2.38969 | BQ2: 2.3897 | BR2: 2.38146 | BS2: 2.38148 | BT2: 2.38149 | BW2: 2.3782 | BX2: 2.37755 | BY2: 2.37756 | BZ2: 2.37491 | CA2: 2.37493 | CB2: 2.37494 | CC2: 2.37495 | CD2: 2.37496 | CE2: 2.37164 | CF2: 2.37165 | CG2: 2.37166 | CH2: 2.37167 | CI2: 2.36535 | CJ2: 2.36503 | CK2: 2.36537 | CL2: 2.36538 | CM2: 2.36539 | CN2: 2.3654 | CO2: 2.36499 | CP2: 2.36292 | CQ2: 2.35485 | CS2: 2.35793 | CT2: 2.34737 | CU2: 2.34738 | CV2: 2.34738 | CW2: 2.35545 | CX2: 2.35546 | CY2: 2.35295 | CZ2: 2.36316 | DA2: 2.34797 | DB2: 2.34797 | DC2: 2.25287
A3: =WEEKDAY(B3) -> 2 | B3: 42009 | C3: 0.90966 | D3: 1.00072 | E3: 0.9568 | F3: 0.96171 | G3: 0.99748 | H3: 1.02519 | I3: 0.98308 | J3: 0.95205 | K3: 0.97027 | L3: 1.00383 | M3: 1.0039 | N3: 0.9847 | O3: 1.09589 | P3: 1.10389 | Q3: 1.03673 | R3: 1.05327 | S3: 1.10175 | T3: 1.1564 | U3: 1.18865 | V3: 1.20498 | W3: 1.25825 | X3: 1.32149 | Y3: 1.36238 | Z3: 1.3098 | AA3: 1.38042 | AB3: 1.37511 | AC3: 1.42586 | AD3: 1.38373 | AE3: 1.31558 | AF3: 1.46859 | AG3: 1.49935 | AH3: 1.568 | AI3: 1.54976 | AJ3: 1.57112 | AK3: 1.40588 | AL3: 1.63129 | AM3: 1.68126 | AN3: 1.54399 | AO3: 1.74112 | AP3: 1.77822 | AQ3: 1.60546 | AR3: 1.83002 | AS3: 1.87181 | AT3: 1.90444 | AU3: 1.91795 | AV3: 1.83638 | AW3: 2.19166 | AX3: 2.20079 | AY3: 2.23061 | AZ3: 2.25212 | BA3: 2.27548 | BB3: 2.3072 | BC3: 2.3288 | BD3: 2.34394 | BE3: 2.22852 | BF3: 2.38059 | BG3: 2.37061 | BH3: 2.36078 | BI3: 2.35564 | BJ3: 2.35565 | BK3: 2.35282 | BL3: 2.34784 | BM3: 2.34234 | BN3: 2.34335 | BO3: 2.27339 | BP3: 2.33838 | BQ3: 2.33839 | BR3: 2.33005 | BS3: 2.33006 | BT3: 2.33007 | BW3: 2.32677 | BX3: 2.32578 | BY3: 2.32578 | BZ3: 2.32346 | CA3: 2.32347 | CB3: 2.32348 | CC3: 2.32348 | CD3: 2.32349 | CE3: 2.32016 | CF3: 2.32017 | CG3: 2.32017 | CH3: 2.32018 | CI3: 2.31352 | CJ3: 2.31353 | CK3: 2.31353 | CL3: 2.31354 | CM3: 2.31355 | CN3: 2.31355 | CO3: 2.31356 | CP3: 2.31106 | CQ3: 2.30357 | CS3: 2.30606 | CT3: 2.29608 | CU3: 2.29609 | CV3: 2.29609 | CW3: 2.31559 | CX3: 2.3156 | CY3: 2.30107 | CZ3: 2.29809 | DA3: 2.29558 | DB3: 2.29558 | DC3: 2.20096
A4: =WEEKDAY(B4) -> 3 | B4: 42010 | C4: 0.90375 | D4: 0.96936 | E4: 0.94822 | F4: 0.96166 | G4: 0.98319 | H4: 1.00845 | I4: 0.95354 | J4: 0.93615 | K4: 0.96694 | L4: 0.98725 | M4: 0.98797 | N4: 0.95978 | O4: 1.07872 | P4: 1.08645 | Q4: 1.00981 | R4: 1.02003 | S4: 1.09487 | T4: 1.13826 | U4: 1.14955 | V4: 1.16931 | W4: 1.23528 | X4: 1.28551 | Y4: 1.31747 | Z4: 1.26271 | AA4: 1.3343 | AB4: 1.32752 | AC4: 1.36172 | AD4: 1.33542 | AE4: 1.26591 | AF4: 1.41732 | AG4: 1.44787 | AH4: 1.5002 | AI4: 1.48873 | AJ4: 1.51469 | AK4: 1.35485 | AL4: 1.57802 | AM4: 1.63524 | AN4: 1.48399 | AO4: 1.69411 | AP4: 1.72942 | AQ4: 1.55628 | AR4: 1.78159 | AS4: 1.82147 | AT4: 1.85357 | AU4: 1.86893 | AV4: 1.79433 | AW4: 2.14564 | AX4: 2.1435 | AY4: 2.1877 | AZ4: 2.21095 | BA4: 2.22842 | BB4: 2.25674 | BC4: 2.28248 | BD4: 2.29598 | BE4: 2.18672 | BF4: 2.33688 | BG4: 2.32691 | BH4: 2.31224 | BI4: 2.31197 | BJ4: 2.31198 | BK4: 2.30982 | BL4: 2.30484 | BM4: 2.29931 | BN4: 2.29933 | BO4: 2.23215 | BP4: 2.29436 | BQ4: 2.29437 | BR4: 2.28705 | BS4: 2.28706 | BT4: 2.28706 | BW4: 2.28376 | BX4: 2.28673 | BY4: 2.28674 | BZ4: 2.28045 | CA4: 2.28046 | CB4: 2.28047 | CC4: 2.2791 | CD4: 2.2791 | CE4: 2.27244 | CF4: 2.27245 | CG4: 2.27245 | CH4: 2.27717 | CI4: 2.27102 | CJ4: 2.27052 | CK4: 2.26951 | CL4: 2.26952 | CM4: 2.26952 | CN4: 2.26953 | CO4: 2.26953 | CP4: 2.26855 | CQ4: 2.26106 | CS4: 2.26356 | CT4: 2.25357 | CU4: 2.25358 | CV4: 2.25358 | CW4: 2.26107 | CX4: 2.26107 | CY4: 2.25857 | CZ4: 2.26753 | DA4: 2.25402 | DB4: 2.25403 | DC4: 2.15859
A5: =WEEKDAY(B5) -> 4 | B5: 42011 | C5: 0.87964 | D5: 0.97569 | E5: 0.94198 | F5: 0.95335 | G5: 0.97621 | H5: 0.9966 | I5: 0.95423 | J5: 0.94044 | K5: 0.96988 | L5: 0.99236 | M5: 0.99353 | N5: 0.96825 | O5: 1.08279 | P5: 1.0913 | Q5: 1.01994 | R5: 1.03015 | S5: 1.105 | T5: 1.14854 | U5: 1.15497 | V5: 1.17542 | W5: 1.24184 | X5: 1.29222 | Y5: 1.32252 | Z5: 1.26982 | AA5: 1.34118 | AB5: 1.3353 | AC5: 1.38297 | AD5: 1.34045 | AE5: 1.27619 | AF5: 1.42488 | AG5: 1.45439 | AH5: 1.50549 | AI5: 1.49401 | AJ5: 1.52624 | AK5: 1.3622 | AL5: 1.58591 | AM5: 1.63585 | AN5: 1.48891 | AO5: 1.69847 | AP5: 1.73427 | AQ5: 1.57078 | AR5: 1.78667 | AS5: 1.82944 | AT5: 1.85776 | AU5: 1.87277 | AV5: 1.7982 | AW5: 2.15157 | AX5: 2.14933 | AY5: 2.1905 | AZ5: 2.21116 | BA5: 2.23569 | BB5: 2.26517 | BC5: 2.29093 | BD5: 2.30624 | BE5: 2.19573 | BF5: 2.33689 | BG5: 2.33294 | BH5: 2.32339 | BI5: 2.32229 | BJ5: 2.32231 | BK5: 2.31298 | BL5: 2.31351 | BM5: 2.31309 | BN5: 2.31643 | BO5: 2.24109 | BP5: 2.30612 | BQ5: 2.30613 | BR5: 2.29709 | BS5: 2.29711 | BT5: 2.29712 | BW5: 2.29383 | BX5: 2.29472 | BY5: 2.29474 | BZ5: 2.29054 | CA5: 2.29055 | CB5: 2.29056 | CC5: 2.28974 | CD5: 2.28975 | CE5: 2.28476 | CF5: 2.28477 | CG5: 2.28478 | CH5: 2.28729 | CI5: 2.27981 | CJ5: 2.28065 | CK5: 2.27983 | CL5: 2.27984 | CM5: 2.27985 | CN5: 2.27985 | CO5: 2.28141 | CP5: 2.27333 | CQ5: 2.27084 | CS5: 2.26335 | CT5: 2.26336 | CU5: 2.26337 | CV5: 2.26338 | CW5: 2.28251 | CX5: 2.28252 | CY5: 2.2534 | CZ5: 2.26043 | DA5: 2.26192 | DB5: 2.26192 | DC5: 2.16815
A6: =WEEKDAY(B6) -> 5 | B6: 42012 | C6: 0.86711 | D6: 0.94053 | E6: 0.93983 | F6: 0.95326 | G6: 0.97337 | H6: 1.00518 | I6: 0.95453 | J6: 0.94437 | K6: 0.97426 | L6: 0.99784 | M6: 0.99748 | N6: 0.97614 | O6: 1.0867 | P6: 1.09598 | Q6: 1.01317 | R6: 1.04267 | S6: 1.11826 | T6: 1.16177 | U6: 1.18632 | V6: 1.20221 | W6: 1.26893 | X6: 1.32077 | Y6: 1.36192 | Z6: 1.31007 | AA6: 1.38019 | AB6: 1.37573 | AC6: 1.412 | AD6: 1.38308 | AE6: 1.31375 | AF6: 1.46678 | AG6: 1.49671 | AH6: 1.54779 | AI6: 1.53863 | AJ6: 1.56521 | AK6: 1.40405 | AL6: 1.6301 | AM6: 1.69037 | AN6: 1.54125 | AO6: 1.75304 | AP6: 1.79204 | AQ6: 1.61462 | AR6: 1.84835 | AS6: 1.88772 | AT6: 1.91589 | AU6: 1.93138 | AV6: 1.8515 | AW6: 2.21173 | AX6: 2.21053 | AY6: 2.25383 | AZ6: 2.27514 | BA6: 2.29419 | BB6: 2.32029 | BC6: 2.34605 | BD6: 2.3597 | BE6: 2.24129 | BF6: 2.40354 | BG6: 2.39358 | BH6: 2.38381 | BI6: 2.38668 | BJ6: 2.3867 | BK6: 2.38171 | BL6: 2.37674 | BM6: 2.37337 | BN6: 2.3696 | BO6: 2.29813 | BP6: 2.36463 | BQ6: 2.36465 | BR6: 2.35577 | BS6: 2.35578 | BT6: 2.35579 | BW6: 2.3525 | BX6: 2.35152 | BY6: 2.35153 | BZ6: 2.34921 | CA6: 2.34923 | CB6: 2.34924 | CC6: 2.34925 | CD6: 2.34926 | CE6: 2.34594 | CF6: 2.34595 | CG6: 2.34596 | CH6: 2.34597 | CI6: 2.33904 | CJ6: 2.33933 | CK6: 2.3399 | CL6: 2.33991 | CM6: 2.33992 | CN6: 2.33993 | CO6: 2.33994 | CP6: 2.3316 | CQ6: 2.32911 | CS6: 2.33161 | CT6: 2.32164 | CU6: 2.32165 | CV6: 2.32165 | CW6: 2.342 | CX6: 2.32914 | CY6: 2.32663 | CZ6: 2.31169 | DA6: 2.32115 | DB6: 2.32116 | DC6: 2.22683
A7: =WEEKDAY(B7) -> 6 | B7: 42013 | C7: 0.86655 | D7: 0.93518 | E7: 0.93312 | F7: 0.95317 | G7: 0.97311 | H7: 0.99936 | I7: 1.02572 | J7: 0.92853 | K7: 0.95752 | L7: 0.9801 | M7: 0.9816 | N7: 0.9483 | O7: 1.07092 | P7: 1.0808 | Q7: 0.9828 | R7: 1.01234 | S7: 1.08797 | T7: 1.13109 | U7: 1.14555 | V7: 1.16096 | W7: 1.23016 | X7: 1.27393 | Y7: 1.3181 | Z7: 1.26569 | AA7: 1.33674 | AB7: 1.33069 | AC7: 1.36706 | AD7: 1.3378 | AE7: 1.26939 | AF7: 1.42187 | AG7: 1.45218 | AH7: 1.50327 | AI7: 1.49412 | AJ7: 1.51867 | AK7: 1.35907 | AL7: 1.58303 | AM7: 1.64583 | AN7: 1.49825 | AO7: 1.70781 | AP7: 1.7483 | AQ7: 1.57568 | AR7: 1.80051 | AS7: 1.84239 | AT7: 1.87266 | AU7: 1.88586 | AV7: 1.80737 | AW7: 2.16988 | AX7: 2.16825 | AY7: 2.21197 | AZ7: 2.23292 | BA7: 2.25179 | BB7: 2.27628 | BC7: 2.30204 | BD7: 2.31708 | BE7: 2.20096 | BF7: 2.35866 | BG7: 2.3487 | BH7: 2.34338 | BI7: 2.34302 | BJ7: 2.34304 | BK7: 2.34277 | BL7: 2.33613 | BM7: 2.32948 | BN7: 2.32049 | BO7: 2.25587 | BP7: 2.3203 | BQ7: 2.32032 | BR7: 2.31188 | BS7: 2.3119 | BT7: 2.31191 | BW7: 2.30862 | BX7: 2.30763 | BY7: 2.30765 | BZ7: 2.30533 | CA7: 2.30534 | CB7: 2.30535 | CC7: 2.30536 | CD7: 2.30538 | CE7: 2.30205 | CF7: 2.30206 | CG7: 2.30207 | CH7: 2.30208 | CI7: 2.29538 | CJ7: 2.29544 | CK7: 2.29556 | CL7: 2.29557 | CM7: 2.29558 | CN7: 2.29559 | CO7: 2.2956 | CP7: 2.28794 | CQ7: 2.28545 | CS7: 2.28795 | CT7: 2.27798 | CU7: 2.27798 | CV7: 2.27799 | CW7: 2.29766 | CX7: 2.29766 | CY7: 2.28297 | CZ7: 2.28 | DA7: 2.27749 | DB7: 2.2775 | DC7: 2.18294
A8: =WEEKDAY(B8) -> 2 | B8: 42016 | C8: 0.90554 | D8: 0.97282 | E8: 0.95367 | F8: 0.96529 | G8: 0.9818 | H8: 1.0085 | I8: 0.96233 | J8: 0.92513 | K8: 0.95218 | L8: 0.97707 | M8: 0.97698 | N8: 0.93201 | O8: 1.06246 | P8: 1.07295 | Q8: 0.95454 | R8: 0.98369 | S8: 1.05873 | T8: 1.10206 | U8: 1.10873 | V8: 1.12583 | W8: 1.1939 | X8: 1.24395 | Y8: 1.27737 | Z8: 1.22369 | AA8: 1.29466 | AB8: 1.28943 | AC8: 1.32402 | AD8: 1.2959 | AE8: 1.23099 | AF8: 1.37994 | AG8: 1.41044 | AH8: 1.46179 | AI8: 1.45287 | AJ8: 1.47709 | AK8: 1.32912 | AL8: 1.5413 | AM8: 1.5977 | AN8: 1.44832 | AO8: 1.65755 | AP8: 1.69848 | AQ8: 1.5221 | AR8: 1.75493 | AS8: 1.79589 | AT8: 1.82386 | AU8: 1.83606 | AV8: 1.75677 | AW8: 2.12103 | AX8: 2.11887 | AY8: 2.15987 | AZ8: 2.1802 | BA8: 2.20239 | BB8: 2.22689 | BC8: 2.25263 | BD8: 2.26569 | BE8: 2.15072 | BF8: 2.30789 | BG8: 2.29792 | BH8: 2.29322 | BI8: 2.29229 | BJ8: 2.2923 | BK8: 2.28731 | BL8: 2.28232 | BM8: 2.27583 | BN8: 2.27524 | BO8: 2.20532 | BP8: 2.27026 | BQ8: 2.27027 | BR8: 2.26198 | BS8: 2.26199 | BT8: 2.262 | BW8: 2.25869 | BX8: 2.2577 | BY8: 2.25771 | BZ8: 2.25539 | CA8: 2.25539 | CB8: 2.2554 | CC8: 2.25541 | CD8: 2.25541 | CE8: 2.25208 | CF8: 2.25209 | CG8: 2.25209 | CH8: 2.2521 | CI8: 2.245 | CJ8: 2.24545 | CK8: 2.24595 | CL8: 2.24596 | CM8: 2.24596 | CN8: 2.24597 | CO8: 2.24543 | CP8: 2.24253 | CQ8: 2.23599 | CS8: 2.2285 | CT8: 2.2285 | CU8: 2.2285 | CV8: 2.22851 | CW8: 2.24652 | CX8: 2.24653 | CY8: 2.23254 | CZ8: 2.22518 | DA8: 2.22705 | DB8: 2.22706 | DC8: 2.13289
A9: =WEEKDAY(B9) -> 3 | B9: 42017 | C9: 0.90396 | D9: 0.9716 | E9: 0.95433 | F9: 0.96523 | G9: 0.98474 | H9: 0.99995 | I9: 0.94597 | J9: 0.92313 | K9: 0.95162 | L9: 0.97152 | M9: 0.97498 | N9: 0.92819 | O9: 1.06476 | P9: 1.05373 | Q9: 0.95657 | R9: 0.97858 | S9: 1.05414 | T9: 1.08195 | U9: 1.10042 | V9: 1.12017 | W9: 1.18589 | X9: 1.23648 | Y9: 1.25837 | Z9: 1.20434 | AA9: 1.27607 | AB9: 1.26955 | AC9: 1.30511 | AD9: 1.27683 | AE9: 1.21083 | AF9: 1.36103 | AG9: 1.39167 | AH9: 1.44345 | AI9: 1.43542 | AJ9: 1.45761 | AK9: 1.29714 | AL9: 1.52138 | AM9: 1.58453 | AN9: 1.43495 | AO9: 1.64438 | AP9: 1.68632 | AQ9: 1.51785 | AR9: 1.73886 | AS9: 1.78411 | AT9: 1.81362 | AU9: 1.82269 | AV9: 1.74196 | AW9: 2.10941 | AX9: 2.10837 | AY9: 2.14928 | AZ9: 2.16808 | BA9: 2.1875 | BB9: 2.21898 | BC9: 2.24227 | BD9: 2.25909 | BE9: 2.14308 | BF9: 2.29305 | BG9: 2.28799 | BH9: 2.27843 | BI9: 2.27698 | BJ9: 2.28061 | BK9: 2.27562 | BL9: 2.27063 | BM9: 2.26839 | BN9: 2.26385 | BO9: 2.19306 | BP9: 2.25887 | BQ9: 2.25888 | BR9: 2.25039 | BS9: 2.2504 | BT9: 2.25041 | BW9: 2.2471 | BX9: 2.24883 | BY9: 2.24884 | BZ9: 2.2438 | CA9: 2.2438 | CB9: 2.24381 | CC9: 2.24377 | CD9: 2.24377 | CE9: 2.23888 | CF9: 2.23889 | CG9: 2.23889 | CH9: 2.24051 | CI9: 2.23331 | CJ9: 2.23386 | CK9: 2.23332 | CL9: 2.23332 | CM9: 2.23333 | CN9: 2.23333 | CO9: 2.23405 | CP9: 2.22679 | CQ9: 2.22429 | CS9: 2.2168 | CT9: 2.21681 | CU9: 2.21681 | CV9: 2.21681 | CW9: 2.22335 | CX9: 2.22336 | CY9: 2.22085 | CZ9: 2.21896 | DA9: 2.21635 | DB9: 2.21636 | DC9: 2.12196
A10: =WEEKDAY(B10) -> 4 | B10: 42018 | C10: 0.88203 | D10: 0.9674 | E10: 0.93696 | F10: 0.95663 | G10: 0.97407 | H10: 0.98741 | I10: 0.9184 | J10: 0.89975 | K10: 0.93161 | L10: 0.94765 | M10: 0.95278 | N10: 0.90155 | O10: 1.04546 | P10: 1.03075 | Q10: 0.91545 | R10: 0.94779 | S10: 1.01884 | T10: 1.0476 | U10: 1.06772 | V10: 1.08948 | W10: 1.15657 | X10: 1.20731 | Y10: 1.24514 | Z10: 1.16722 | AA10: 1.24063 | AB10: 1.23021 | AC10: 1.26707 | AD10: 1.234 | AE10: 1.17362 | AF10: 1.31602 | AG10: 1.34432 | AH10: 1.41327 | AI10: 1.39512 | AJ10: 1.41676 | AK10: 1.25452 | AL10: 1.48062 | AM10: 1.54947 | AN10: 1.39799 | AO10: 1.60935 | AP10: 1.65096 | AQ10: 1.48029 | AR10: 1.70715 | AS10: 1.74705 | AT10: 1.7766 | AU10: 1.77978 | AV10: 1.69643 | AW10: 2.07868 | AX10: 2.08224 | AY10: 2.11469 | AZ10: 2.13622 | BA10: 2.15722 | BB10: 2.18672 | BC10: 2.21109 | BD10: 2.22304 | BE10: 2.10607 | BF10: 2.25862 | BG10: 2.25353 | BH10: 2.24354 | BI10: 2.24619 | BJ10: 2.24621 | BK10: 2.24122 | BL10: 2.23625 | BM10: 2.23397 | BN10: 2.22407 | BO10: 2.15878 | BP10: 2.22414 | BQ10: 2.22416 | BR10: 2.21612 | BS10: 2.21614 | BT10: 2.21615 | BW10: 2.21286 | BX10: 2.21454 | BY10: 2.21455 | BZ10: 2.20957 | CA10: 2.20958 | CB10: 2.20959 | CC10: 2.20989 | CD10: 2.2099 | CE10: 2.20462 | CF10: 2.20463 | CG10: 2.20464 | CH10: 2.20631 | CI10: 2.19953 | CJ10: 2.19967 | CK10: 2.20011 | CL10: 2.20012 | CM10: 2.20013 | CN10: 2.20013 | CO10: 2.19943 | CP10: 2.19709 | CQ10: 2.19016 | CS10: 2.1921 | CT10: 2.18268 | CU10: 2.18269 | CV10: 2.1827 | CW10: 2.18962 | CX10: 2.18963 | CY10: 2.18712 | CZ10: 2.18969 | DA10: 2.18257 | DB10: 2.18257 | DC10: 2.08779
A11: =WEEKDAY(B11) -> 5 | B11: 42019 | C11: 0.84704 | D11: 0.90747 | E11: 0.90214 | F11: 0.95654 | G11: 0.94818 | H11: 0.95399 | I11: 0.99899 | J11: 0.85231 | K11: 0.88812 | L11: 0.89688 | M11: 0.90518 | N11: 0.84206 | O11: 0.96444 | P11: 0.97841 | Q11: 0.84634 | R11: 0.87271 | S11: 0.94762 | T11: 0.99316 | U11: 0.98055 | V11: 1.0131 | W11: 1.07809 | X11: 1.11631 | Y11: 1.1236 | Z11: 1.09964 | AA11: 1.15557 | AB11: 1.14204 | AC11: 1.20112 | AD11: 1.16907 | AE11: 1.07678 | AF11: 1.24644 | AG11: 1.25807 | AH11: 1.36211 | AI11: 1.30784 | AJ11: 1.34018 | AK11: 1.1579 | AL11: 1.39826 | AM11: 1.47774 | AN11: 1.3003 | AO11: 1.53368 | AP11: 1.57275 | AQ11: 1.396 | AR11: 1.62083 | AS11: 1.65831 | AT11: 1.69039 | AU11: 1.68515 | AV11: 1.62009 | AW11: 1.98301 | AX11: 1.95856 | AY11: 2.02809 | AZ11: 2.05156 | BA11: 2.0732 | BB11: 2.10635 | BC11: 2.13917 | BD11: 2.14812 | BE11: 2.02891 | BF11: 2.18926 | BG11: 2.1793 | BH11: 2.16889 | BI11: 2.17221 | BJ11: 2.17223 | BK11: 2.16725 | BL11: 2.16227 | BM11: 2.15974 | BN11: 2.14911 | BO11: 2.08416 | BP11: 2.14868 | BQ11: 2.1487 | BR11: 2.14083 | BS11: 2.14084 | BT11: 2.14085 | BW11: 2.13756 | BX11: 2.14155 | BY11: 2.14156 | BZ11: 2.13427 | CA11: 2.13428 | CB11: 2.13429 | CC11: 2.13494 | CD11: 2.13495 | CE11: 2.12754 | CF11: 2.12755 | CG11: 2.12756 | CH11: 2.13101 | CI11: 2.12505 | CJ11: 2.12437 | CK11: 2.12506 | CL11: 2.12507 | CM11: 2.12508 | CN11: 2.12509 | CO11: 2.12396 | CP11: 2.1226 | CQ11: 2.1142 | CS11: 2.11762 | CT11: 2.10672 | CU11: 2.11763 | CV11: 2.11764 | CW11: 2.11513 | CX11: 2.11514 | CY11: 2.11263 | CZ11: 2.1225 | DA11: 2.1077 | DB11: 2.1077 | DC11: 2.01223
A12: =WEEKDAY(B12) -> 6 | B12: 42020 | C12: 0.85024 | D12: 0.92197 | E12: 0.926 | F12: 0.95644 | G12: 0.96043 | H12: 0.97832 | I12: 1.04739 | J12: 0.89377 | K12: 0.91642 | L12: 0.94296 | M12: 0.9468 | N12: 0.89281 | O12: 1.02905 | P12: 1.03791 | Q12: 0.89266 | R12: 0.92387 | S12: 1.00492 | T12: 1.04056 | U12: 1.04209 | V12: 1.05091 | W12: 1.12743 | X12: 1.15287 | Y12: 1.21026 | Z12: 1.13578 | AA12: 1.19817 | AB12: 1.19892 | AC12: 1.22634 | AD12: 1.2092 | AE12: 1.14644 | AF12: 1.27417 | AG12: 1.3036 | AH12: 1.37523 | AI12: 1.37231 | AJ12: 1.38794 | AK12: 1.22847 | AL12: 1.43989 | AM12: 1.50695 | AN12: 1.36339 | AO12: 1.57122 | AP12: 1.61369 | AQ12: 1.43545 | AR12: 1.66589 | AS12: 1.70368 | AT12: 1.73885 | AU12: 1.72031 | AV12: 1.66795 | AW12: 2.03253 | AX12: 2.01455 | AY12: 2.07719 | AZ12: 2.10858 | BA12: 2.12518 | BB12: 2.1522 | BC12: 2.17455 | BD12: 2.18692 | BE12: 2.06896 | BF12: 2.22433 | BG12: 2.22038 | BH12: 2.21073 | BI12: 2.20884 | BJ12: 2.21242 | BK12: 2.20743 | BL12: 2.20246 | BM12: 2.20083 | BN12: 2.19589 | BO12: 2.12531 | BP12: 2.19092 | BQ12: 2.19094 | BR12: 2.18265 | BS12: 2.18266 | BT12: 2.18268 | BW12: 2.17938 | BX12: 2.17939 | BY12: 2.1794 | BZ12: 2.17609 | CA12: 2.1761 | CB12: 2.17611 | CC12: 2.1766 | CD12: 2.17661 | CE12: 2.17367 | CF12: 2.17368 | CG12: 2.17369 | CH12: 2.17283 | CI12: 2.16574 | CJ12: 2.16619 | CK12: 2.16668 | CL12: 2.16669 | CM12: 2.1667 | CN12: 2.16671 | CO12: 2.1662 | CP12: 2.1633 | CQ12: 2.15674 | CS12: 2.14925 | CT12: 2.14926 | CU12: 2.14927 | CV12: 2.14927 | CW12: 2.16813 | CX12: 2.15584 | CY12: 2.15333 | CZ12: 2.15115 | DA12: 2.14864 | DB12: 2.14864 | DC12: 2.05655
A13: =WEEKDAY(B13) -> 2 | B13: 42023 | C13: 0.89346 | D13: 0.9546 | E13: 0.93067 | F13: 0.96588 | G13: 0.97017 | H13: 0.98215 | I13: 0.98352 | J13: 0.89523 | K13: 0.92251 | L13: 0.93656 | M13: 0.94707 | N13: 0.88535 | O13: 1.03552 | P13: 1.02012 | Q13: 0.89854 | R13: 0.92054 | S13: 1.02095 | T13: 1.03259 | U13: 1.02575 | V13: 1.04418 | W13: 1.1111 | X13: 1.16167 | Y13: 1.17698 | Z13: 1.12365 | AA13: 1.19389 | AB13: 1.19023 | AC13: 1.24083 | AD13: 1.19986 | AE13: 1.13405 | AF13: 1.28298 | AG13: 1.31385 | AH13: 1.35714 | AI13: 1.3454 | AJ13: 1.3779 | AK13: 1.23736 | AL13: 1.43707 | AM13: 1.49338 | AN13: 1.33972 | AO13: 1.55322 | AP13: 1.59506 | AQ13: 1.42281 | AR13: 1.64743 | AS13: 1.68853 | AT13: 1.71812 | AU13: 1.73209 | AV13: 1.6554 | AW13: 2.02638 | AX13: 2.02235 | AY13: 2.06219 | AZ13: 2.08633 | BA13: 2.10265 | BB13: 2.1297 | BC13: 2.15544 | BD13: 2.17035 | BE13: 2.0479 | BF13: 2.20603 | BG13: 2.20095 | BH13: 2.19143 | BI13: 2.19034 | BJ13: 2.19408 | BK13: 2.18909 | BL13: 2.18411 | BM13: 2.18135 | BN13: 2.17738 | BO13: 2.10675 | BP13: 2.1724 | BQ13: 2.17241 | BR13: 2.16409 | BS13: 2.16409 | BT13: 2.1641 | BW13: 2.1608 | BX13: 2.16208 | BY13: 2.16209 | BZ13: 2.15749 | CA13: 2.1575 | CB13: 2.1575 | CC13: 2.15724 | CD13: 2.15724 | CE13: 2.15213 | CF13: 2.15213 | CG13: 2.15214 | CH13: 2.1542 | CI13: 2.14727 | CJ13: 2.14755 | CK13: 2.14784 | CL13: 2.14784 | CM13: 2.14785 | CN13: 2.14785 | CO13: 2.14757 | CP13: 2.14481 | CQ13: 2.13787 | CS13: 2.13038 | CT13: 2.13038 | CU13: 2.13038 | CV13: 2.13039 | CW13: 2.14855 | CX13: 2.14856 | CY13: 2.14856 | CZ13: 2.13133 | DA13: 2.12883 | DB13: 2.12883 | DC13: 2.03698
... A41: =WEEKDAY(B41) -> 6 | B41: 42062 | C41: 0.29449 | D41: 0.48069 | E41: 0.57015 | F41: 0.59736 | G41: 0.59478 | H41: 0.61229 | I41: 0.50376 | J41: 0.49805 | K41: 0.53885 | L41: 0.54552 | M41: 0.54991 | N41: 0.47929 | O41: 0.65386 | P41: 0.62252 | Q41: 0.52414 | R41: 0.53431 | S41: 0.58315 | T41: 0.64672 | U41: 0.60614 | V41: 0.59616 | W41: 0.66822 | X41: 0.71032 | Y41: 0.7373 | Z41: 0.68465 | AA41: 0.7556 | AB41: 0.75562 | AC41: 0.8284 | AD41: 0.8008 | AE41: 0.74208 | AF41: 0.88748 | AG41: 0.92366 | AH41: 0.98204 | AI41: 0.94119 | AJ41: 0.96892 | AK41: 0.82141 | AL41: 1.05497 | AM41: 1.134 | AN41: 0.95335 | AO41: 1.17831 | AP41: 1.25333 | AQ41: 1.08391 | AR41: 1.30503 | AS41: 1.3602 | AT41: 1.39064 | AU41: 1.3896 | AV41: 1.32791 | AW41: 1.78286 | AX41: 1.79879 | AY41: 1.83031 | AZ41: 1.84226 | BA41: 1.85846 | BB41: 1.93018 | BC41: 1.9611 | BD41: 1.9991 | BE41: 1.89222 | BF41: 2.05596 | BG41: 2.05098 | BH41: 2.05042 | BI41: 2.04102 | BJ41: 2.04104 | BK41: 2.03605 | BL41: 2.03108 | BM41: 2.03083 | BN41: 2.00524 | BO41: 1.98322 | BP41: 2.0112 | BQ41: 2.01122 | BR41: 1.99878 | BS41: 1.99879 | BT41: 1.9988 | BW41: 2.00971 | BX41: 2.0133 | BY41: 2.0013 | BZ41: 1.998 | CA41: 1.99801 | CB41: 1.99802 | CC41: 1.99803 | CD41: 1.99804 | CE41: 1.99472 | CF41: 1.99473 | CG41: 1.99474 | CH41: 1.99395 | CI41: 1.99385 | CJ41: 1.98618 | CK41: 1.98397 | CL41: 1.98398 | CM41: 1.98399 | CN41: 1.984 | CO41: 1.9815 | CP41: 1.97651 | CQ41: 1.98147 | CS41: 1.98237 | CT41: 1.98051 | CU41: 1.98051 | CV41: 1.98052 | CW41: 1.97304 | CX41: 1.97305 | CY41: 1.97054 | CZ41: 1.96557 | DA41: 1.96307 | DB41: 1.96307 | DC41: 1.876
A42: =WEEKDAY(B42) -> 2 | B42: 42065 | D42: 0.55281 | E42: 0.57501 | F42: 0.60385 | G42: 0.60188 | H42: 0.61105 | I42: 0.52932 | J42: 0.52587 | K42: 0.55081 | L42: 0.56274 | M42: 0.5778 | N42: 0.5062 | O42: 0.66003 | P42: 0.63233 | Q42: 0.54134 | R42: 0.56498 | S42: 0.62979 | T42: 0.6705 | U42: 0.6297 | V42: 0.61947 | W42: 0.6933 | X42: 0.72734 | Y42: 0.79797 | Z42: 0.7454 | AA42: 0.81589 | AB42: 0.81158 | AC42: 0.88869 | AD42: 0.89415 | AE42: 0.80328 | AF42: 0.94695 | AG42: 0.98935 | AH42: 1.04388 | AI42: 1.04105 | AJ42: 1.03744 | AK42: 0.89989 | AL42: 1.11182 | AM42: 1.21331 | AN42: 1.03311 | AO42: 1.26276 | AP42: 1.33962 | AQ42: 1.16943 | AR42: 1.39132 | AS42: 1.4444 | AT42: 1.47701 | AU42: 1.47466 | AV42: 1.40843 | AW42: 1.86137 | AX42: 1.87825 | AY42: 1.90541 | AZ42: 1.92099 | BA42: 1.93794 | BB42: 2.0105 | BC42: 2.03991 | BD42: 2.06645 | BE42: 1.96872 | BF42: 2.12157 | BG42: 2.11658 | BH42: 2.11656 | BI42: 2.10661 | BJ42: 2.10662 | BK42: 2.10162 | BL42: 2.09664 | BM42: 2.09164 | BN42: 2.07257 | BO42: 2.04935 | BP42: 2.07667 | BQ42: 2.07668 | BR42: 2.06559 | BS42: 2.0656 | BT42: 2.06561 | BW42: 2.07472 | BX42: 2.07473 | BY42: 2.06673 | BZ42: 2.06342 | CA42: 2.06343 | CB42: 2.06343 | CC42: 2.06344 | CD42: 2.06344 | CE42: 2.06012 | CF42: 2.06013 | CG42: 2.06013 | CH42: 2.06014 | CI42: 2.05919 | CJ42: 2.05304 | CK42: 2.05071 | CL42: 2.05072 | CM42: 2.05072 | CN42: 2.05073 | CO42: 2.04823 | CP42: 2.04324 | CQ42: 2.04683 | CS42: 2.04732 | CT42: 2.05113 | CU42: 2.05113 | CV42: 2.05114 | CW42: 2.03969 | CX42: 2.03969 | CY42: 2.03718 | CZ42: 2.02328 | DA42: 2.02971 | DB42: 2.02971 | DC42: 1.93903
A43: =WEEKDAY(B43) -> 3 | B43: 42066 | D43: 0.57749 | E43: 0.57672 | F43: 0.6038 | G43: 0.60701 | H43: 0.6157 | I43: 0.53384 | J43: 0.60819 | K43: 0.55236 | L43: 0.57262 | M43: 0.58178 | N43: 0.50697 | O43: 0.64584 | P43: 0.6316 | Q43: 0.53509 | R43: 0.56688 | S43: 0.60862 | T43: 0.67077 | U43: 0.6155 | V43: 0.60502 | W43: 0.6823 | X43: 0.72118 | Y43: 0.83229 | Z43: 0.76385 | AA43: 0.83252 | AB43: 0.8326 | AC43: 0.92775 | AD43: 0.90381 | AE43: 0.82841 | AF43: 0.97579 | AG43: 1.0164 | AH43: 1.05997 | AI43: 1.06836 | AJ43: 1.06981 | AK43: 0.94343 | AL43: 1.14176 | AM43: 1.25971 | AN43: 1.07916 | AO43: 1.30709 | AP43: 1.38868 | AQ43: 1.21948 | AR43: 1.44038 | AS43: 1.48672 | AT43: 1.5263 | AU43: 1.52054 | AV43: 1.45268 | AW43: 1.90704 | AX43: 1.92336 | AY43: 1.95437 | AZ43: 1.96606 | BA43: 1.98299 | BB43: 2.0524 | BC43: 2.09134 | BD43: 2.11081 | BE43: 2.02204 | BF43: 2.17188 | BG43: 2.16689 | BH43: 2.16715 | BI43: 2.15592 | BJ43: 2.15593 | BK43: 2.16509 | BL43: 2.15086 | BM43: 2.1442 | BN43: 2.12986 | BO43: 2.09757 | BP43: 2.12489 | BQ43: 2.1249 | BR43: 2.12849 | BS43: 2.1285 | BT43: 2.12851 | BW43: 2.12354 | BX43: 2.12596 | BY43: 2.1189 | BZ43: 2.11164 | CA43: 2.11165 | CB43: 2.11165 | CC43: 2.11395 | CD43: 2.11395 | CE43: 2.10835 | CF43: 2.10835 | CG43: 2.10836 | CH43: 2.10836 | CI43: 2.10613 | CJ43: 2.09877 | CK43: 2.10171 | CL43: 2.10171 | CM43: 2.10172 | CN43: 2.10172 | CO43: 2.10379 | CP43: 2.10114 | CQ43: 2.09345 | CS43: 2.09373 | CT43: 2.08027 | CU43: 2.08027 | CV43: 2.08028 | CW43: 2.08128 | CX43: 2.08128 | CY43: 2.07878 | CZ43: 2.07379 | DA43: 2.07129 | DB43: 2.0713 | DC43: 1.98914
A44: =WEEKDAY(B44) -> 4 | B44: 42067 | D44: 0.55336 | E44: 0.62619 | F44: 0.64552 | G44: 0.68515 | H44: 0.66214 | I44: 0.61988 | J44: 0.67451 | K44: 0.64513 | L44: 0.66747 | M44: 0.69159 | N44: 0.62062 | O44: 0.74231 | P44: 0.73619 | Q44: 0.6546 | R44: 0.67944 | S44: 0.7432 | T44: 0.78315 | U44: 0.72082 | V44: 0.70674 | W44: 0.78333 | X44: 0.81272 | Y44: 0.93371 | Z44: 0.86199 | AA44: 0.93558 | AB44: 0.93458 | AC44: 1.0287 | AD44: 0.99024 | AE44: 0.92995 | AF44: 1.07517 | AG44: 1.10696 | AH44: 1.15602 | AI44: 1.14577 | AJ44: 1.1609 | AK44: 1.04121 | AL44: 1.23524 | AM44: 1.34214 | AN44: 1.15985 | AO44: 1.39187 | AP44: 1.47643 | AQ44: 1.30617 | AR44: 1.52274 | AS44: 1.56898 | AT44: 1.60378 | AU44: 1.59934 | AV44: 1.53095 | AW44: 1.98332 | AX44: 1.99884 | AY44: 2.03095 | AZ44: 2.04175 | BA44: 2.06275 | BB44: 2.12086 | BC44: 2.15561 | BD44: 2.18031 | BE44: 2.09442 | BF44: 2.23642 | BG44: 2.23144 | BH44: 2.23104 | BI44: 2.22149 | BJ44: 2.22151 | BK44: 2.23067 | BL44: 2.21155 | BM44: 2.2098 | BN44: 2.20156 | BO44: 2.16215 | BP44: 2.18926 | BQ44: 2.18927 | BR44: 2.21077 | BS44: 2.21079 | BT44: 2.2108 | BW44: 2.18919 | BX44: 2.19161 | BY44: 2.18363 | BZ44: 2.17606 | CA44: 2.17608 | CB44: 2.17609 | CC44: 2.18167 | CD44: 2.18168 | CE44: 2.17503 | CF44: 2.17504 | CG44: 2.17505 | CH44: 2.17154 | CI44: 2.1682 | CJ44: 2.16323 | CK44: 2.16618 | CL44: 2.16158 | CM44: 2.16159 | CN44: 2.16937 | CO44: 2.16454 | CP44: 2.16688 | CQ44: 2.15794 | CS44: 2.15946 | CT44: 2.14414 | CU44: 2.14415 | CV44: 2.14416 | CW44: 2.14702 | CX44: 2.14702 | CY44: 2.14453 | CZ44: 2.13954 | DA44: 2.13705 | DB44: 2.13705 | DC44: 2.05367
A45: =WEEKDAY(B45) -> 5 | B45: 42068 | D45: 0.46842 | E45: 0.61746 | F45: 0.64542 | G45: 0.65136 | H45: 0.67426 | I45: 0.62076 | J45: 0.68435 | K45: 0.65644 | L45: 0.6786 | M45: 0.70346 | N45: 0.63242 | O45: 0.75337 | P45: 0.74686 | Q45: 0.6686 | R45: 0.69212 | S45: 0.7565 | T45: 0.79692 | U45: 0.7411 | V45: 0.72777 | W45: 0.80335 | X45: 0.84185 | Y45: 0.95418 | Z45: 0.88048 | AA45: 0.95397 | AB45: 0.95299 | AC45: 1.02862 | AD45: 1.02123 | AE45: 0.94497 | AF45: 1.09158 | AG45: 1.11691 | AH45: 1.17707 | AI45: 1.1671 | AJ45: 1.18231 | AK45: 1.06222 | AL45: 1.25644 | AM45: 1.37086 | AN45: 1.19716 | AO45: 1.421 | AP45: 1.50038 | AQ45: 1.33644 | AR45: 1.54668 | AS45: 1.5875 | AT45: 1.62165 | AU45: 1.6155 | AV45: 1.54573 | AW45: 2.00802 | AX45: 2.02464 | AY45: 2.05234 | AZ45: 2.06762 | BA45: 2.08342 | BB45: 2.1477 | BC45: 2.19242 | BD45: 2.21076 | BE45: 2.11604 | BF45: 2.26248 | BG45: 2.2575 | BH45: 2.25736 | BI45: 2.24234 | BJ45: 2.24657 | BK45: 2.25666 | BL45: 2.23661 | BM45: 2.23579 | BN45: 2.22209 | BO45: 2.19071 | BP45: 2.21712 | BQ45: 2.21714 | BR45: 2.21381 | BS45: 2.21383 | BT45: 2.21384 | BW45: 2.21055 | BX45: 2.21426 | BY45: 2.21129 | BZ45: 2.20393 | CA45: 2.20394 | CB45: 2.20395 | CC45: 2.20635 | CD45: 2.20636 | CE45: 2.20065 | CF45: 2.20066 | CG45: 2.20067 | CH45: 2.19939 | CI45: 2.19698 | CJ45: 2.19386 | CK45: 2.19129 | CL45: 2.19129 | CM45: 2.1913 | CN45: 2.19407 | CO45: 2.19647 | CP45: 2.18908 | CQ45: 2.19447 | CS45: 2.18692 | CT45: 2.1794 | CU45: 2.17941 | CV45: 2.17941 | CW45: 2.16639 | CX45: 2.16639 | CY45: 2.1639 | CZ45: 2.16391 | DA45: 2.16497 | DB45: 2.16498 | DC45: 2.08087
A46: =WEEKDAY(B46) -> 6 | B46: 42069 | D46: 0.43822 | E46: 0.60936 | F46: 0.65503 | G46: 0.64952 | H46: 0.67746 | I46: 0.61276 | J46: 0.68925 | K46: 0.6603 | L46: 0.68252 | M46: 0.69057 | N46: 0.62865 | O46: 0.76774 | P46: 0.7589 | Q46: 0.67874 | R46: 0.68529 | S46: 0.73843 | T46: 0.80436 | U46: 0.75013 | V46: 0.73668 | W46: 0.81005 | X46: 0.85002 | Y46: 0.98884 | Z46: 0.92229 | AA46: 0.99657 | AB46: 0.9943 | AC46: 1.07742 | AD46: 1.07173 | AE46: 0.99856 | AF46: 1.14155 | AG46: 1.17448 | AH46: 1.23132 | AI46: 1.22955 | AJ46: 1.23883 | AK46: 1.11731 | AL46: 1.31228 | AM46: 1.43369 | AN46: 1.25151 | AO46: 1.48895 | AP46: 1.5825 | AQ46: 1.41688 | AR46: 1.62881 | AS46: 1.67234 | AT46: 1.70587 | AU46: 1.70258 | AV46: 1.63982 | AW46: 2.0987 | AX46: 2.11519 | AY46: 2.14621 | AZ46: 2.16401 | BA46: 2.17901 | BB46: 2.23559 | BC46: 2.27045 | BD46: 2.30735 | BE46: 2.21831 | BF46: 2.36305 | BG46: 2.35807 | BH46: 2.35785 | BI46: 2.34284 | BJ46: 2.34714 | BK46: 2.35792 | BL46: 2.33718 | BM46: 2.33628 | BN46: 2.32259 | BO46: 2.29358 | BP46: 2.31762 | BQ46: 2.31764 | BR46: 2.31431 | BS46: 2.31433 | BT46: 2.31434 | BW46: 2.31105 | BX46: 2.31809 | BY46: 2.31659 | BZ46: 2.30443 | CA46: 2.30445 | CB46: 2.30446 | CC46: 2.30764 | CD46: 2.30765 | CE46: 2.30334 | CF46: 2.30336 | CG46: 2.30337 | CH46: 2.29997 | CI46: 2.30005 | CJ46: 2.29422 | CK46: 2.29096 | CL46: 2.29097 | CM46: 2.29098 | CN46: 2.29099 | CO46: 2.29776 | CP46: 2.28351 | CQ46: 2.29545 | CS46: 2.27353 | CT46: 2.27354 | CU46: 2.27355 | CV46: 2.27356 | CW46: 2.26606 | CX46: 2.26607 | CY46: 2.26358 | CZ46: 2.26359 | DA46: 2.25609 | DB46: 2.2561
A47: =WEEKDAY(B47) -> 2 | B47: 42072 | D47: 0.51898 | E47: 0.6079 | F47: 0.66734 | G47: 0.66082 | H47: 0.67487 | I47: 0.60098 | J47: 0.69806 | K47: 0.64494 | L47: 0.6557 | M47: 0.67323 | N47: 0.6096 | O47: 0.73976 | P47: 0.71032 | Q47: 0.65756 | R47: 0.67137 | S47: 0.74208 | T47: 0.77629 | U47: 0.74722 | V47: 0.7124 | W47: 0.78589 | X47: 0.82501 | Y47: 0.95837 | Z47: 0.88949 | AA47: 0.96253 | AB47: 0.96158 | AC47: 1.05965 | AD47: 1.03704 | AE47: 0.96338 | AF47: 1.1064 | AG47: 1.1408 | AH47: 1.19759 | AI47: 1.19339 | AJ47: 1.19921 | AK47: 1.08062 | AL47: 1.27677 | AM47: 1.40193 | AN47: 1.21625 | AO47: 1.45697 | AP47: 1.55699 | AQ47: 1.38358 | AR47: 1.60103 | AS47: 1.64595 | AT47: 1.67769 | AU47: 1.67177 | AV47: 1.60991 | AW47: 2.08414 | AX47: 2.10167 | AY47: 2.12905 | AZ47: 2.14178 | BA47: 2.15841 | BB47: 2.21752 | BC47: 2.2564 | BD47: 2.29213 | BE47: 2.20375 | BF47: 2.35084 | BG47: 2.34585 | BH47: 2.34739 | BI47: 2.33488 | BJ47: 2.33489 | BK47: 2.3299 | BL47: 2.32492 | BM47: 2.31993 | BN47: 2.29995 | BO47: 2.281 | BP47: 2.29596 | BQ47: 2.29597 | BR47: 2.29098 | BS47: 2.29098 | BT47: 2.29099 | BW47: 2.30101 | BX47: 2.30101 | BY47: 2.29287 | BZ47: 2.28956 | CA47: 2.28956 | CB47: 2.28957 | CC47: 2.28958 | CD47: 2.28958 | CE47: 2.28626 | CF47: 2.28627 | CG47: 2.28627 | CH47: 2.28613 | CI47: 2.28633 | CJ47: 2.28113 | CK47: 2.27611 | CL47: 2.27612 | CM47: 2.27612 | CN47: 2.27964 | CO47: 2.27798 | CP47: 2.26864 | CQ47: 2.27298 | CS47: 2.27361 | CT47: 2.26599 | CU47: 2.26599 | CV47: 2.266 | CW47: 2.26316 | CX47: 2.26316 | CY47: 2.26066 | CZ47: 2.24869 | DA47: 2.25318 | DB47: 2.25318 | DC47: 2.17139
A48: =WEEKDAY(B48) -> 3 | B48: 42073 | D48: 0.46873 | E48: 0.59515 | F48: 0.67219 | G48: 0.62787 | H48: 0.65674 | I48: 0.60056 | J48: 0.68813 | K48: 0.6308 | L48: 0.64605 | M48: 0.65831 | N48: 0.59888 | O48: 0.72582 | P48: 0.69877 | Q48: 0.65041 | R48: 0.66864 | S48: 0.73414 | T48: 0.7696 | U48: 0.71665 | V48: 0.70479 | W48: 0.78013 | X48: 0.8191 | Y48: 0.93983 | Z48: 0.86476 | AA48: 0.93631 | AB48: 0.93641 | AC48: 1.01572 | AD48: 1.00829 | AE48: 0.9339 | AF48: 1.08002 | AG48: 1.11239 | AH48: 1.1683 | AI48: 1.16625 | AJ48: 1.17267 | AK48: 1.05488 | AL48: 1.24736 | AM48: 1.36991 | AN48: 1.18706 | AO48: 1.42517 | AP48: 1.52092 | AQ48: 1.34901 | AR48: 1.56496 | AS48: 1.60789 | AT48: 1.64041 | AU48: 1.63356 | AV48: 1.56638 | AW48: 2.04682 | AX48: 2.06486 | AY48: 2.08989 | AZ48: 2.09828 | BA48: 2.11997 | BB48: 2.17957 | BC48: 2.21651 | BD48: 2.25851 | BE48: 2.16405 | BF48: 2.31134 | BG48: 2.30635 | BH48: 2.30772 | BI48: 2.29538 | BJ48: 2.29539 | BK48: 2.2904 | BL48: 2.28542 | BM48: 2.28042 | BN48: 2.26139 | BO48: 2.2421 | BP48: 2.2574 | BQ48: 2.25741 | BR48: 2.25242 | BS48: 2.25243 | BT48: 2.25244 | BW48: 2.25715 | BX48: 2.26151 | BY48: 2.25383 | BZ48: 2.25051 | CA48: 2.25052 | CB48: 2.25053 | CC48: 2.25053 | CD48: 2.25054 | CE48: 2.24722 | CF48: 2.24722 | CG48: 2.24723 | CH48: 2.2466 | CI48: 2.24728 | CJ48: 2.24395 | CK48: 2.23755 | CL48: 2.23756 | CM48: 2.23756 | CN48: 2.23757 | CO48: 2.23507 | CP48: 2.23008 | CQ48: 2.23393 | CS48: 2.23411 | CT48: 2.23286 | CU48: 2.23287 | CV48: 2.23287 | CW48: 2.22565 | CX48: 2.22565 | CY48: 2.22314 | CZ48: 2.21013 | DA48: 2.21566 | DB48: 2.21567 | DC48: 2.13234
A49: =WEEKDAY(B49) -> 4 | B49: 42074 | D49: 0.45453 | E49: 0.5699 | F49: 0.6642 | G49: 0.67159 | H49: 0.65779 | I49: 0.59787 | J49: 0.67432 | K49: 0.62563 | L49: 0.63768 | M49: 0.64989 | N49: 0.59491 | O49: 0.73541 | P49: 0.69168 | Q49: 0.64586 | R49: 0.65885 | S49: 0.73044 | T49: 0.76656 | U49: 0.70942 | V49: 0.69724 | W49: 0.77282 | X49: 0.8103 | Y49: 0.88983 | Z49: 0.8348 | AA49: 0.90777 | AB49: 0.90722 | AC49: 0.98281 | AD49: 0.97353 | AE49: 0.90036 | AF49: 1.04431 | AG49: 1.07061 | AH49: 1.13422 | AI49: 1.13026 | AJ49: 1.1365 | AK49: 1.01781 | AL49: 1.21284 | AM49: 1.33367 | AN49: 1.15476 | AO49: 1.38282 | AP49: 1.47291 | AQ49: 1.30185 | AR49: 1.51699 | AS49: 1.56143 | AT49: 1.59317 | AU49: 1.58649 | AV49: 1.52122 | AW49: 2.00592 | AX49: 2.02368 | AY49: 2.05005 | AZ49: 2.05629 | BA49: 2.07798 | BB49: 2.13927 | BC49: 2.17472 | BD49: 2.21272 | BE49: 2.12224 | BF49: 2.27005 | BG49: 2.26866 | BH49: 2.26873 | BI49: 2.25471 | BJ49: 2.25702 | BK49: 2.25204 | BL49: 2.24707 | BM49: 2.24208 | BN49: 2.22211 | BO49: 2.20249 | BP49: 2.22482 | BQ49: 2.22483 | BR49: 2.21316 | BS49: 2.21317 | BT49: 2.21319 | BW49: 2.22321 | BX49: 2.22322 | BY49: 2.21493 | BZ49: 2.21162 | CA49: 2.21163 | CB49: 2.21165 | CC49: 2.21166 | CD49: 2.21167 | CE49: 2.20835 | CF49: 2.20836 | CG49: 2.20837 | CH49: 2.20838 | CI49: 2.20784 | CJ49: 2.20111 | CK49: 2.19837 | CL49: 2.19838 | CM49: 2.19839 | CN49: 2.20177 | CO49: 2.19591 | CP49: 2.19092 | CQ49: 2.19511 | CS49: 2.1959 | CT49: 2.19883 | CU49: 2.19884 | CV49: 2.19885 | CW49: 2.18652 | CX49: 2.18653 | CY49: 2.18402 | CZ49: 2.17099 | DA49: 2.17655 | DB49: 2.17655 | DC49: 2.09356
A50: =WEEKDAY(B50) -> 5 | B50: 42075 | D50: 0.07953 | E50: 0.55106 | F50: 0.63981 | G50: 0.65825 | H50: 0.64426 | I50: 0.58602 | J50: 0.66444 | K50: 0.60852 | L50: 0.62215 | M50: 0.63799 | N50: 0.5825 | O50: 0.71786 | P50: 0.67693 | Q50: 0.63749 | R50: 0.65476 | S50: 0.71962 | T50: 0.77 | U50: 0.69671 | V50: 0.68521 | W50: 0.7626 | X50: 0.80095 | Y50: 0.88035 | Z50: 0.82606 | AA50: 0.89949 | AB50: 0.89821 | AC50: 0.97996 | AD50: 0.94265 | AE50: 0.88639 | AF50: 1.03223 | AG50: 1.06192 | AH50: 1.12062 | AI50: 1.10039 | AJ50: 1.12332 | AK50: 1.00423 | AL50: 1.19927 | AM50: 1.32524 | AN50: 1.14808 | AO50: 1.37409 | AP50: 1.46739 | AQ50: 1.30369 | AR50: 1.51146 | AS50: 1.5548 | AT50: 1.58719 | AU50: 1.58331 | AV50: 1.51566 | AW50: 1.99794 | AX50: 2.01445 | AY50: 2.04183 | AZ50: 2.05082 | BA50: 2.07588 | BB50: 2.13008 | BC50: 2.1669 | BD50: 2.21016 | BE50: 2.10465 | BF50: 2.26102 | BG50: 2.25771 | BH50: 2.25807 | BI50: 2.24442 | BJ50: 2.24781 | BK50: 2.24283 | BL50: 2.23785 | BM50: 2.23749 | BN50: 2.2129 | BO50: 2.19035 | BP50: 2.21553 | BQ50: 2.21555 | BR50: 2.20394 | BS50: 2.20396 | BT50: 2.20397 | BW50: 2.214 | BX50: 2.21401 | BY50: 2.20565 | BZ50: 2.20234 | CA50: 2.20235 | CB50: 2.20236 | CC50: 2.20237 | CD50: 2.20238 | CE50: 2.19906 | CF50: 2.19907 | CG50: 2.19909 | CH50: 2.19909 | CI50: 2.19837 | CJ50: 2.19178 | CK50: 2.18916 | CL50: 2.18917 | CM50: 2.18918 | CN50: 2.18919 | CO50: 2.18669 | CP50: 2.1817 | CQ50: 2.18582 | CS50: 2.18669 | CT50: 2.1905 | CU50: 2.19051 | CV50: 2.19051 | CW50: 2.17874 | CX50: 2.17874 | CY50: 2.17624 | CZ50: 2.17127 | DA50: 2.16876 | DB50: 2.16877 | DC50: 2.08081
A51: =WEEKDAY(B51) -> 6 | B51: 42076 | D51: 0.1218 | E51: 0.53617 | F51: 0.62513 | G51: 0.64907 | H51: 0.63591 | I51: 0.56854 | J51: 0.66441 | K51: 0.59329 | L51: 0.60311 | M51: 0.62609 | N51: 0.56618 | O51: 0.68857 | P51: 0.66451 | Q51: 0.60943 | R51: 0.63409 | S51: 0.69844 | T51: 0.73458 | U51: 0.67659 | V51: 0.66763 | W51: 0.74238 | X51: 0.79588 | Y51: 0.86149 | Z51: 0.80976 | AA51: 0.8792 | AB51: 0.87721 | AC51: 0.96379 | AD51: 0.92228 | AE51: 0.87035 | AF51: 1.01894 | AG51: 1.05935 | AH51: 1.11369 | AI51: 1.09393 | AJ51: 1.12284 | AK51: 0.98938 | AL51: 1.19311 | AM51: 1.31995 | AN51: 1.13705 | AO51: 1.3673 | AP51: 1.46439 | AQ51: 1.29136 | AR51: 1.51345 | AS51: 1.55277 | AT51: 1.58043 | AU51: 1.57385 | AV51: 1.50268 | AW51: 1.99305 | AX51: 1.9789 | AY51: 2.03731 | AZ51: 2.04715 | BA51: 2.06844 | BB51: 2.12181 | BC51: 2.15216 | BD51: 2.19578 | BE51: 2.10389 | BF51: 2.25204 | BG51: 2.24873 | BH51: 2.24684 | BI51: 2.23545 | BJ51: 2.23668 | BK51: 2.2317 | BL51: 2.22672 | BM51: 2.22173 | BN51: 2.20456 | BO51: 2.18123 | BP51: 2.20655 | BQ51: 2.20657 | BR51: 2.19611 | BS51: 2.19613 | BT51: 2.19614 | BW51: 2.19998 | BX51: 2.20338 | BY51: 2.19667 | BZ51: 2.19336 | CA51: 2.19337 | CB51: 2.19338 | CC51: 2.1955 | CD51: 2.19551 | CE51: 2.19008 | CF51: 2.19009 | CG51: 2.1901 | CH51: 2.18787 | CI51: 2.18719 | CJ51: 2.18593 | CK51: 2.18132 | CL51: 2.18133 | CM51: 2.18134 | CN51: 2.18135 | CO51: 2.18561 | CP51: 2.17387 | CQ51: 2.17685 | CS51: 2.16389 | CT51: 2.17581 | CU51: 2.17582 | CV51: 2.17582 | CW51: 2.16853 | CX51: 2.16854 | CY51: 2.15394 | CZ51: 2.15394 | DA51: 2.15856 | DB51: 2.15857 | DC51: 2.06605
A52: =WEEKDAY(B52) -> 2 | B52: 42079 | E52: 0.54495 | F52: 0.61283 | G52: 0.60441 | H52: 0.6121 | I52: 0.54608 | J52: 0.62854 | K52: 0.57383 | L52: 0.58651 | M52: 0.60556 | N52: 0.55008 | O52: 0.66917 | P52: 0.64622 | Q52: 0.60609 | R52: 0.61345 | S52: 0.68897 | T52: 0.72472 | U52: 0.66377 | V52: 0.65332 | W52: 0.72734 | X52: 0.78263 | Y52: 0.83667 | Z52: 0.78545 | AA52: 0.85369 | AB52: 0.85312 | AC52: 0.93049 | AD52: 0.8999 | AE52: 0.84414 | AF52: 0.99599 | AG52: 1.03659 | AH52: 1.09056 | AI52: 1.06827 | AJ52: 1.09969 | AK52: 0.97473 | AL52: 1.17009 | AM52: 1.2949 | AN52: 1.09784 | AO52: 1.33906 | AP52: 1.43243 | AQ52: 1.25844 | AR52: 1.48664 | AS52: 1.52032 | AT52: 1.54779 | AU52: 1.51527 | AV52: 1.47024 | AW52: 1.95078 | AX52: 1.96704 | AY52: 1.99804 | AZ52: 2.00857 | BA52: 2.02983 | BB52: 2.0938 | BC52: 2.11795 | BD52: 2.16163 | BE52: 2.07509 | BF52: 2.21866 | BG52: 2.21534 | BH52: 2.21571 | BI52: 2.20203 | BJ52: 2.20537 | BK52: 2.20038 | BL52: 2.1954 | BM52: 2.19041 | BN52: 2.17042 | BO52: 2.14671 | BP52: 2.16644 | BQ52: 2.16644 | BR52: 2.17644 | BS52: 2.17645 | BT52: 2.17646 | BW52: 2.17148 | BX52: 2.17149 | BY52: 2.16249 | BZ52: 2.15918 | CA52: 2.15919 | CB52: 2.15919 | CC52: 2.1592 | CD52: 2.15921 | CE52: 2.15588 | CF52: 2.15589 | CG52: 2.15589 | CH52: 2.15493 | CI52: 2.15494 | CJ52: 2.15293 | CK52: 2.14658 | CL52: 2.14658 | CM52: 2.14659 | CN52: 2.14659 | CO52: 2.1441 | CP52: 2.1491 | CQ52: 2.13661 | CS52: 2.14409 | CT52: 2.15567 | CU52: 2.15567 | CV52: 2.15568 | CW52: 2.13765 | CX52: 2.13766 | CY52: 2.13515 | CZ52: 2.13017 | DA52: 2.12767 | DB52: 2.12767 | DC52: 2.03436
A53: =WEEKDAY(B53) -> 3 | B53: 42080 | E53: 0.54842 | F53: 0.61277 | G53: 0.58892 | H53: 0.61338 | I53: 0.55135 | J53: 0.62852 | K53: 0.58791 | L53: 0.58914 | M53: 0.61252 | N53: 0.55468 | O53: 0.67032 | P53: 0.6655 | Q53: 0.60166 | R53: 0.6265 | S53: 0.6918 | T53: 0.72838 | U53: 0.66988 | V53: 0.66014 | W53: 0.73487 | X53: 0.78865 | Y53: 0.8228 | Z53: 0.77182 | AA53: 0.84078 | AB53: 0.84008 | AC53: 0.91537 | AD53: 0.88537 | AE53: 0.8298 | AF53: 0.97905 | AG53: 1.0209 | AH53: 1.08922 | AI53: 1.08698 | AJ53: 1.08345 | AK53: 0.95707 | AL53: 1.15414 | AM53: 1.26032 | AN53: 1.08671 | AO53: 1.30591 | AP53: 1.39438 | AQ53: 1.2268 | AR53: 1.44919 | AS53: 1.48948 | AT53: 1.51688 | AU53: 1.5089 | AV53: 1.43612 | AW53: 1.91833 | AX53: 1.93479 | AY53: 1.96522 | AZ53: 1.97589 | BA53: 1.99715 | BB53: 2.06215 | BC53: 2.08774 | BD53: 2.13191 | BE53: 2.03389 | BF53: 2.18709 | BG53: 2.18377 | BH53: 2.18217 | BI53: 2.17013 | BJ53: 2.1732 | BK53: 2.16821 | BL53: 2.16322 | BM53: 2.16156 | BN53: 2.15323 | BO53: 2.11353 | BP53: 2.14019 | BQ53: 2.1402 | BR53: 2.14376 | BS53: 2.12878 | BT53: 2.12879 | BW53: 2.13881 | BX53: 2.13881 | BY53: 2.13025 | BZ53: 2.12694 | CA53: 2.12695 | CB53: 2.12695 | CC53: 2.12696 | CD53: 2.12697 | CE53: 2.12364 | CF53: 2.12365 | CG53: 2.12366 | CH53: 2.12366 | CI53: 2.12161 | CJ53: 2.1154 | CK53: 2.1139 | CL53: 2.11391 | CM53: 2.11391 | CN53: 2.11702 | CO53: 2.11142 | CP53: 2.10643 | CQ53: 2.11036 | CS53: 2.11141 | CT53: 2.11409 | CU53: 2.11409 | CV53: 2.11409 | CW53: 2.10203 | CX53: 2.10203 | CY53: 2.09953 | CZ53: 2.09455 | DA53: 2.09205 | DB53: 2.09205 | DC53: 1.99715
A54: =WEEKDAY(B54) -> 4 | B54: 42081 | E54: 0.52384 | F54: 0.60517 | G54: 0.62749 | H54: 0.6005 | I54: 0.52234 | J54: 0.62484 | K54: 0.58493 | L54: 0.55088 | M54: 0.56066 | N54: 0.50159 | O54: 0.65196 | P54: 0.64384 | Q54: 0.54782 | R54: 0.56735 | S54: 0.6426 | T54: 0.68033 | U54: 0.62121 | V54: 0.61113 | W54: 0.68315 | X54: 0.73862 | Y54: 0.74305 | Z54: 0.69507 | AA54: 0.76265 | AB54: 0.7565 | AC54: 0.83366 | AD54: 0.82103 | AE54: 0.74667 | AF54: 0.89796 | AG54: 0.93908 | AH54: 1.00664 | AI54: 0.97389 | AJ54: 1.00133 | AK54: 0.86489 | AL54: 1.07154 | AM54: 1.16609 | AN54: 0.97711 | AO54: 1.21537 | AP54: 1.30014 | AQ54: 1.13287 | AR54: 1.35597 | AS54: 1.39766 | AT54: 1.42515 | AU54: 1.41765 | AV54: 1.34851 | AW54: 1.83062 | AX54: 1.84551 | AY54: 1.87802 | AZ54: 1.88829 | BA54: 1.91381 | BB54: 1.98215 | BC54: 2.0125 | BD54: 2.05636 | BE54: 1.96776 | BF54: 2.11356 | BG54: 2.11025 | BH54: 2.11054 | BI54: 2.09663 | BJ54: 2.09998 | BK54: 2.095 | BL54: 2.09002 | BM54: 2.08896 | BN54: 2.06506 | BO54: 2.04002 | BP54: 2.06607 | BQ54: 2.06608 | BR54: 2.0551 | BS54: 2.07011 | BT54: 2.07012 | BW54: 2.06516 | BX54: 2.06517 | BY54: 2.05617 | BZ54: 2.05286 | CA54: 2.05287 | CB54: 2.05288 | CC54: 2.05523 | CD54: 2.05524 | CE54: 2.04958 | CF54: 2.04959 | CG54: 2.0496 | CH54: 2.04788 | CI54: 2.04788 | CJ54: 2.0459 | CK54: 2.04031 | CL54: 2.04032 | CM54: 2.04033 | CN54: 2.04033 | CO54: 2.03784 | CP54: 2.03285 | CQ54: 2.03634 | CS54: 2.03785 | CT54: 2.04827 | CU54: 2.04828 | CV54: 2.04828 | CW54: 2.03028 | CX54: 2.03029 | CY54: 2.02779 | CZ54: 2.02281 | DA54: 2.02031 | DB54: 2.02032 | DC54: 1.92785
A55: =WEEKDAY(B55) -> 5 | B55: 42082 | E55: 0.5101 | F55: 0.58566 | G55: 0.59347 | H55: 0.58975 | I55: 0.51776 | J55: 0.60511 | K55: 0.57528 | L55: 0.54056 | M55: 0.55173 | N55: 0.49471 | O55: 0.63888 | P55: 0.61179 | Q55: 0.54875 | R55: 0.56764 | S55: 0.63379 | T55: 0.6709 | U55: 0.61214 | V55: 0.60233 | W55: 0.67539 | X55: 0.73006 | Y55: 0.74566 | Z55: 0.69538 | AA55: 0.76401 | AB55: 0.76303 | AC55: 0.83462 | AD55: 0.81459 | AE55: 0.74674 | AF55: 0.89732 | AG55: 0.93644 | AH55: 1.00312 | AI55: 0.97071 | AJ55: 0.998 | AK55: 0.86408 | AL55: 1.06752 | AM55: 1.16018 | AN55: 0.98315 | AO55: 1.208 | AP55: 1.29075 | AQ55: 1.1252 | AR55: 1.34577 | AS55: 1.38927 | AT55: 1.41622 | AU55: 1.4104 | AV55: 1.33981 | AW55: 1.81843 | AX55: 1.83132 | AY55: 1.86553 | AZ55: 1.8766 | BA55: 1.89788 | BB55: 1.95479 | BC55: 1.99208 | BD55: 2.03749 | BE55: 1.93869 | BF55: 2.09178 | BG55: 2.09118 | BH55: 2.0912 | BI55: 2.07756 | BJ55: 2.07998 | BK55: 2.075 | BL55: 2.07002 | BM55: 2.06896 | BN55: 2.06004 | BO55: 2.01796 | BP55: 2.04732 | BQ55: 2.04734 | BR55: 2.036 | BS55: 2.03602 | BT55: 2.03603 | BW55: 2.04515 | BX55: 2.04517 | BY55: 2.03743 | BZ55: 2.03412 | CA55: 2.03413 | CB55: 2.03414 | CC55: 2.03415 | CD55: 2.03416 | CE55: 2.03084 | CF55: 2.03085 | CG55: 2.03086 | CH55: 2.03028 | CI55: 2.0298 | CJ55: 2.02457 | CK55: 2.0212 | CL55: 2.02121 | CM55: 2.02122 | CN55: 2.02425 | CO55: 2.01873 | CP55: 2.01374 | CQ55: 2.0176 | CS55: 2.00377 | CT55: 2.01121 | CU55: 2.01121 | CV55: 2.01122 | CW55: 2.00828 | CX55: 2.00828 | CY55: 2.00578 | CZ55: 1.99381 | DA55: 1.9983 | DB55: 1.99831 | DC55: 1.90371
A56: =WEEKDAY(B56) -> 6 | B56: 42083 | E56: 0.50117 | F56: 0.55646 | G56: 0.59047 | H56: 0.57676 | I56: 0.49425 | J56: 0.57551 | K56: 0.57721 | L56: 0.52316 | M56: 0.54875 | N56: 0.48187 | O56: 0.60594 | P56: 0.60606 | Q56: 0.51096 | R56: 0.54506 | S56: 0.60906 | T56: 0.64749 | U56: 0.57983 | V56: 0.58547 | W56: 0.65993 | X56: 0.71332 | Y56: 0.72976 | Z56: 0.67958 | AA56: 0.74869 | AB56: 0.74758 | AC56: 0.8179 | AD56: 0.78301 | AE56: 0.73071 | AF56: 0.87899 | AG56: 0.91823 | AH56: 0.98426 | AI56: 0.95399 | AJ56: 0.98034 | AK56: 0.85347 | AL56: 1.0502 | AM56: 1.14274 | AN56: 0.96506 | AO56: 1.19263 | AP56: 1.2797 | AQ56: 1.11246 | AR56: 1.32874 | AS56: 1.37308 | AT56: 1.39979 | AU56: 1.39279 | AV56: 1.3241 | AW56: 1.80283 | AX56: 1.81305 | AY56: 1.84928 | AZ56: 1.86752 | BA56: 1.88782 | BB56: 1.95136 | BC56: 1.9787 | BD56: 2.01969 | BE56: 1.92074 | BF56: 2.08264 | BG56: 2.07934 | BH56: 2.07478 | BI56: 2.07028 | BJ56: 2.07254 | BK56: 2.06923 | BL56: 2.06258 | BM56: 2.05594 | BN56: 2.05037 | BO56: 2.00283 | BP56: 2.04039 | BQ56: 2.04041 | BR56: 2.04042 | BS56: 2.04043 | BT56: 2.04045 | BW56: 2.03548 | BX56: 2.03607 | BY56: 2.03274 | BZ56: 2.02552 | CA56: 2.01896 | CB56: 2.01897 | CC56: 2.02105 | CD56: 2.02106 | CE56: 2.01567 | CF56: 2.01568 | CG56: 2.01569 | CH56: 2.0157 | CI56: 2.01305 | CJ56: 2.0062 | CK56: 2.00563 | CL56: 2.00564 | CM56: 2.00564 | CN56: 2.00908 | CO56: 2.01095 | CP56: 2.00408 | CQ56: 2.00591 | CS56: 2.00215 | CT56: 1.99426 | CU56: 1.99426 | CV56: 1.98821 | CW56: 1.99093 | CX56: 1.99093 | CY56: 1.98843 | CZ56: 1.97824 | DA56: 1.98095 | DB56: 1.98096 | DC56: 1.88567
A57: =WEEKDAY(B57) -> 2 | B57: 42086 | E57: 0.53042 | F57: 0.56426 | G57: 0.59431 | H57: 0.57834 | I57: 0.4967 | J57: 0.57985 | K57: 0.58092 | L57: 0.52429 | M57: 0.54884 | N57: 0.48244 | O57: 0.60879 | P57: 0.58934 | Q57: 0.51 | R57: 0.53599 | S57: 0.60909 | T57: 0.64696 | U57: 0.5797 | V57: 0.58475 | W57: 0.64739 | X57: 0.71114 | Y57: 0.72934 | Z57: 0.67912 | AA57: 0.74815 | AB57: 0.74752 | AC57: 0.81735 | AD57: 0.7838 | AE57: 0.73055 | AF57: 0.8784 | AG57: 0.9182 | AH57: 0.98517 | AI57: 0.95521 | AJ57: 0.98082 | AK57: 0.84409 | AL57: 1.05185 | AM57: 1.14707 | AN57: 0.97387 | AO57: 1.19592 | AP57: 1.28188 | AQ57: 1.11406 | AR57: 1.3309 | AS57: 1.37553 | AT57: 1.40192 | AU57: 1.39566 | AV57: 1.32469 | AW57: 1.8085 | AX57: 1.79235 | AY57: 1.85246 | AZ57: 1.86859 | BA57: 1.88996 | BB57: 1.95349 | BC57: 1.98441 | BD57: 2.02498 | BE57: 1.92988 | BF57: 2.0913 | BG57: 2.08799 | BH57: 2.08303 | BI57: 2.07861 | BJ57: 2.0805 | BK57: 2.07718 | BL57: 2.07052 | BM57: 2.06387 | BN57: 2.05866 | BO57: 2.00975 | BP57: 2.04867 | BQ57: 2.04868 | BR57: 2.04869 | BS57: 2.04869 | BT57: 2.0487 | BW57: 2.04372 | BX57: 2.04395 | BY57: 2.04062 | BZ57: 2.03375 | CA57: 2.02749 | CB57: 2.0275 | CC57: 2.03146 | CD57: 2.03147 | CE57: 2.02481 | CF57: 2.02482 | CG57: 2.02482 | CH57: 2.02149 | CI57: 2.0215 | CJ57: 2.01475 | CK57: 2.02003 | CL57: 2.02004 | CM57: 2.02004 | CN57: 2.02004 | CO57: 2.02005 | CP57: 2.01504 | CQ57: 2.02628 | CS57: 2.01002 | CT57: 2.00626 | CU57: 2.00627 | CV57: 2.00627 | CW57: 1.99628 | CX57: 1.99628 | CY57: 1.99628 | CZ57: 1.99131 | DA57: 1.99249 | DB57: 1.9925 | DC57: 1.89511
A58: =WEEKDAY(B58) -> 3 | B58: 42087 | E58: 0.5271 | F58: 0.56812 | G58: 0.59585 | H58: 0.56883 | I58: 0.50711 | J58: 0.57984 | K58: 0.58301 | L58: 0.53444 | M58: 0.54585 | N58: 0.48702 | O58: 0.62475 | P58: 0.61145 | Q58: 0.52757 | R58: 0.55462 | S58: 0.62049 | T58: 0.6591 | U58: 0.59066 | V58: 0.59587 | W58: 0.6695 | X58: 0.72308 | Y58: 0.73127 | Z58: 0.68248 | AA58: 0.75051 | AB58: 0.74962 | AC58: 0.81931 | AD58: 0.78475 | AE58: 0.73096 | AF58: 0.88077 | AG58: 0.91973 | AH58: 0.9867 | AI58: 0.98124 | AJ58: 0.98439 | AK58: 0.84481 | AL58: 1.05375 | AM58: 1.14571 | AN58: 0.96788 | AO58: 1.19557 | AP58: 1.26806 | AQ58: 1.10293 | AR58: 1.32338 | AS58: 1.36814 | AT58: 1.39475 | AU58: 1.38941 | AV58: 1.32017 | AW58: 1.79834 | AX58: 1.81075 | AY58: 1.84597 | AZ58: 1.86574 | BA58: 1.87847 | BB58: 1.94197 | BC58: 1.97508 | BD58: 2.02312 | BE58: 1.92277 | BF58: 2.0794 | BG58: 2.07609 | BH58: 2.07336 | BI58: 2.06643 | BJ58: 2.06971 | BK58: 2.06146 | BL58: 2.05974 | BM58: 2.05309 | BN58: 2.04649 | BO58: 1.99672 | BP58: 2.0365 | BQ58: 2.03651 | BR58: 2.03652 | BS58: 2.03652 | BT58: 2.03653 | BW58: 2.03155 | BX58: 2.03317 | BY58: 2.02656 | BZ58: 2.02157 | CA58: 2.01459 | CB58: 2.0146 | CC58: 2.01461 | CD58: 2.01461 | CE58: 2.01129 | CF58: 2.01129 | CG58: 2.01066 | CH58: 2.00926 | CI58: 2.00927 | CJ58: 2.00357 | CK58: 1.99664 | CL58: 2.00569 | CM58: 2.00569 | CN58: 1.99665 | CO58: 2.0057 | CP58: 1.98917 | CQ58: 2.00069 | CS58: 1.99567 | CT58: 2.01011 | CU58: 2.01012 | CV58: 2.01012 | CW58: 1.98604 | CX58: 1.98605 | CY58: 1.98709 | CZ58: 1.98012 | DA58: 1.98082 | DB58: 1.98083 | DC58: 1.88861
A59: =WEEKDAY(B59) -> 4 | B59: 42088 | E59: 0.52608 | F59: 0.56075 | G59: 0.60744 | H59: 0.597 | I59: 0.51767 | J59: 0.57637 | K59: 0.58721 | L59: 0.55782 | M59: 0.57841 | N59: 0.51811 | O59: 0.63046 | P59: 0.63141 | Q59: 0.55501 | R59: 0.58212 | S59: 0.64619 | T59: 0.68599 | U59: 0.61459 | V59: 0.61962 | W59: 0.69384 | X59: 0.74661 | Y59: 0.79612 | Z59: 0.71566 | AA59: 0.78607 | AB59: 0.78404 | AC59: 0.85957 | AD59: 0.82672 | AE59: 0.76331 | AF59: 0.90856 | AG59: 0.94811 | AH59: 1.01353 | AI59: 0.98295 | AJ59: 1.01104 | AK59: 0.88214 | AL59: 1.08067 | AM59: 1.16783 | AN59: 0.99461 | AO59: 1.22306 | AP59: 1.29948 | AQ59: 1.1402 | AR59: 1.34853 | AS59: 1.39583 | AT59: 1.42224 | AU59: 1.41683 | AV59: 1.34472 | AW59: 1.83279 | AX59: 1.81639 | AY59: 1.87723 | AZ59: 1.89702 | BA59: 1.92299 | BB59: 1.97773 | BC59: 2.02194 | BD59: 2.06284 | BE59: 1.97045 | BF59: 2.12044 | BG59: 2.11713 | BH59: 2.10989 | BI59: 2.10587 | BJ59: 2.10799 | BK59: 2.10468 | BL59: 2.09803 | BM59: 2.09139 | BN59: 2.08596 | BO59: 2.03679 | BP59: 2.07598 | BQ59: 2.07599 | BR59: 2.07601 | BS59: 2.07602 | BT59: 2.07603 | BW59: 2.07107 | BX59: 2.07152 | BY59: 2.06819 | BZ59: 2.06111 | CA59: 2.05509 | CB59: 2.0551 | CC59: 2.05951 | CD59: 2.05952 | CE59: 2.05287 | CF59: 2.05288 | CG59: 2.05289 | CH59: 2.04956 | CI59: 2.04957 | CJ59: 2.04282 | CK59: 2.04812 | CL59: 2.04813 | CM59: 2.04814 | CN59: 2.04815 | CO59: 2.04816 | CP59: 2.04315 | CQ59: 2.05437 | CS59: 2.03814 | CT59: 2.03437 | CU59: 2.03438 | CV59: 2.03439 | CW59: 2.02439 | CX59: 2.0244 | CY59: 2.02441 | CZ59: 2.01943 | DA59: 2.02028 | DB59: 2.02029 | DC59: 1.92507
A60: =WEEKDAY(B60) -> 5 | B60: 42089 | E60: 0.57038 | F60: 0.61875 | G60: 0.63505 | H60: 0.63514 | I60: 0.58463 | J60: 0.64434 | K60: 0.64487 | L60: 0.63443 | M60: 0.65566 | N60: 0.60185 | O60: 0.70506 | P60: 0.7013 | Q60: 0.6469 | R60: 0.67055 | S60: 0.73828 | T60: 0.80096 | U60: 0.70062 | V60: 0.70497 | W60: 0.78282 | X60: 0.81514 | Y60: 0.87549 | Z60: 0.82497 | AA60: 0.89518 | AB60: 0.89395 | AC60: 0.97128 | AD60: 0.94191 | AE60: 0.87249 | AF60: 1.02218 | AG60: 1.05727 | AH60: 1.12676 | AI60: 1.09372 | AJ60: 1.11545 | AK60: 0.98499 | AL60: 1.18898 | AM60: 1.27915 | AN60: 1.10814 | AO60: 1.33217 | AP60: 1.41028 | AQ60: 1.24419 | AR60: 1.45601 | AS60: 1.50345 | AT60: 1.53474 | AU60: 1.52322 | AV60: 1.45823 | AW60: 1.93446 | AX60: 1.91927 | AY60: 1.97541 | AZ60: 1.9898 | BA60: 2.01256 | BB60: 2.06978 | BC60: 2.0989 | BD60: 2.14497 | BE60: 2.04941 | BF60: 2.18956 | BG60: 2.18626 | BH60: 2.18238 | BI60: 2.1713 | BJ60: 2.17826 | BK60: 2.17004 | BL60: 2.1683 | BM60: 2.16166 | BN60: 2.1551 | BO60: 2.10498 | BP60: 2.14412 | BQ60: 2.14413 | BR60: 2.14414 | BS60: 2.14416 | BT60: 2.14417 | BW60: 2.1392 | BX60: 2.14113 | BY60: 2.13423 | BZ60: 2.12924 | CA60: 2.12289 | CB60: 2.1229 | CC60: 2.12291 | CD60: 2.12292 | CE60: 2.1196 | CF60: 2.11961 | CG60: 2.11931 | CH60: 2.1179 | CI60: 2.11791 | CJ60: 2.11458 | CK60: 2.11434 | CL60: 2.11435 | CM60: 2.11436 | CN60: 2.11437 | CO60: 2.11437 | CP60: 2.10937 | CQ60: 2.10938 | CS60: 2.10437 | CT60: 2.11883 | CU60: 2.11884 | CV60: 2.11885 | CW60: 2.09705 | CX60: 2.09705 | CY60: 2.09474 | CZ60: 2.08977 | DA60: 2.08954 | DB60: 2.08954 | DC60: 2.00101
A61: =WEEKDAY(B61) -> 6 | B61: 42090 | E61: 0.55513 | F61: 0.61862 | G61: 0.61915 | H61: 0.62939 | I61: 0.54147 | J61: 0.64431 | K61: 0.63505 | L61: 0.58729 | M61: 0.60018 | N61: 0.5439 | O61: 0.68101 | P61: 0.6401 | Q61: 0.58172 | R61: 0.61225 | S61: 0.67978 | T61: 0.71286 | U61: 0.64078 | V61: 0.64562 | W61: 0.72248 | X61: 0.76356 | Y61: 0.80857 | Z61: 0.75616 | AA61: 0.8277 | AB61: 0.82527 | AC61: 0.90024 | AD61: 0.87353 | AE61: 0.79268 | AF61: 0.95105 | AG61: 0.98102 | AH61: 1.05583 | AI61: 1.02438 | AJ61: 1.04511 | AK61: 0.91545 | AL61: 1.11805 | AM61: 1.21444 | AN61: 1.04056 | AO61: 1.26791 | AP61: 1.33955 | AQ61: 1.17506 | AR61: 1.39088 | AS61: 1.43896 | AT61: 1.47036 | AU61: 1.47151 | AV61: 1.38878 | AW61: 1.86847 | AX61: 1.87825 | AY61: 1.91212 | AZ61: 1.92654 | BA61: 1.94931 | BB61: 2.01218 | BC61: 2.03624 | BD61: 2.08194 | BE61: 1.98823 | BF61: 2.13541 | BG61: 2.1321 | BH61: 2.1268 | BI61: 2.1211 | BJ61: 2.12288 | BK61: 2.11957 | BL61: 2.11292 | BM61: 2.10628 | BN61: 2.10119 | BO61: 2.04742 | BP61: 2.09521 | BQ61: 2.09523 | BR61: 2.09524 | BS61: 2.09525 | BT61: 2.09527 | BW61: 2.09239 | BX61: 2.08908 | BY61: 2.08576 | BZ61: 2.08243 | CA61: 2.07535 | CB61: 2.07536 | CC61: 2.07581 | CD61: 2.07582 | CE61: 2.06593 | CF61: 2.06594 | CG61: 2.06546 | CH61: 2.06547 | CI61: 2.06079 | CJ61: 2.05588 | CK61: 2.05545 | CL61: 2.05546 | CM61: 2.05547 | CN61: 2.05548 | CO61: 2.05298 | CP61: 2.04799 | CQ61: 2.05219 | CS61: 2.05298 | CT61: 2.05626 | CU61: 2.05627 | CV61: 2.05627 | CW61: 2.04411 | CX61: 2.04412 | CY61: 2.04161 | CZ61: 2.02806 | DA61: 2.03414 | DB61: 2.03414 | DC61: 1.95224
A62: =WEEKDAY(B62) -> 2 | B62: 42093 | E62: 0.57173 | F62: 0.61182 | G62: 0.62279 | H62: 0.61836 | I62: 0.53331 | J62: 0.62831 | K62: 0.62814 | L62: 0.58167 | M62: 0.59752 | N62: 0.544 | O62: 0.66094 | P62: 0.63459 | Q62: 0.57454 | R62: 0.59798 | S62: 0.66299 | T62: 0.72796 | U62: 0.62484 | V62: 0.62843 | W62: 0.70336 | X62: 0.7412 | Y62: 0.8045 | Z62: 0.74973 | AA62: 0.8212 | AB62: 0.81942 | AC62: 0.9086 | AD62: 0.85597 | AE62: 0.7881 | AF62: 0.94648 | AG62: 0.98076 | AH62: 1.05116 | AI62: 1.04679 | AJ62: 1.03882 | AK62: 0.91962 | AL62: 1.11135 | AM62: 1.22126 | AN62: 1.04102 | AO62: 1.27119 | AP62: 1.35405 | AQ62: 1.18728 | AR62: 1.40032 | AS62: 1.44614 | AT62: 1.4778 | AU62: 1.47787 | AV62: 1.40197 | AW62: 1.87536 | AX62: 1.86356 | AY62: 1.91878 | AZ62: 1.94043 | BA62: 1.96159 | BB62: 2.01766 | BC62: 2.03975 | BD62: 2.08417 | BE62: 1.98362 | BF62: 2.13887 | BG62: 2.13556 | BH62: 2.12713 | BI62: 2.12428 | BJ62: 2.12521 | BK62: 2.12189 | BL62: 2.11523 | BM62: 2.10858 | BN62: 2.10858 | BO62: 2.04701 | BP62: 2.10126 | BQ62: 2.10127 | BR62: 2.09837 | BS62: 2.09838 | BT62: 2.09838 | BW62: 2.09464 | BX62: 2.09131 | BY62: 2.08799 | BZ62: 2.08466 | CA62: 2.07843 | CB62: 2.07844 | CC62: 2.07801 | CD62: 2.07802 | CE62: 2.06863 | CF62: 2.06864 | CG62: 2.06878 | CH62: 2.06878 | CI62: 2.06338 | CJ62: 2.05805 | CK62: 2.0585 | CL62: 2.0585 | CM62: 2.05851 | CN62: 2.06214 | CO62: 2.06442 | CP62: 2.05102 | CQ62: 2.05989 | CS62: 2.04103 | CT62: 2.0484 | CU62: 2.04841 | CV62: 2.04841 | CW62: 2.04541 | CX62: 2.04542 | CY62: 2.04291 | CZ62: 2.03106 | DA62: 2.03543 | DB62: 2.03543 | DC62: 1.94013
A63: =WEEKDAY(B63) -> 3 | B63: 42094 | E63: 0.551 | F63: 0.59949 | G63: 0.63228 | H63: 0.62241 | I63: 0.53754 | J63: 0.62259 | K63: 0.62987 | L63: 0.577 | M63: 0.59205 | N63: 0.53227 | O63: 0.67798 | P63: 0.63699 | Q63: 0.56244 | R63: 0.59436 | S63: 0.66413 | T63: 0.69717 | U63: 0.60825 | V63: 0.61163 | W63: 0.67481 | X63: 0.729 | Y63: 0.78252 | Z63: 0.72971 | AA63: 0.80172 | AB63: 0.79826 | AC63: 0.88129 | AD63: 0.84448 | AE63: 0.78521 | AF63: 0.93506 | AG63: 0.96704 | AH63: 1.04278 | AI63: 1.03856 | AJ63: 1.02947 | AK63: 0.90035 | AL63: 1.10291 | AM63: 1.21415 | AN63: 1.03531 | AO63: 1.26504 | AP63: 1.3453 | AQ63: 1.17411 | AR63: 1.39104 | AS63: 1.43813 | AT63: 1.47048 | AU63: 1.45829 | AV63: 1.38931 | AW63: 1.8731 | AX63: 1.88434 | AY63: 1.9167 | AZ63: 1.93387 | BA63: 1.9563 | BB63: 2.01153 | BC63: 2.03365 | BD63: 2.07271 | BE63: 1.97224 | BF63: 2.13238 | BG63: 2.12908 | BH63: 2.1238 | BI63: 2.11828 | BJ63: 2.12015 | BK63: 2.11684 | BL63: 2.1102 | BM63: 2.10356 | BN63: 2.0984 | BO63: 2.04295 | BP63: 2.09242 | BQ63: 2.09244 | BR63: 2.09246 | BS63: 2.09247 | BT63: 2.09249 | BW63: 2.0897 | BX63: 2.08638 | BY63: 2.08307 | BZ63: 2.07974 | CA63: 2.07259 | CB63: 2.0726 | CC63: 2.07312 | CD63: 2.07314 | CE63: 2.06351 | CF63: 2.06352 | CG63: 2.0632 | CH63: 2.06285 | CI63: 2.06022 | CJ63: 2.05321 | CK63: 2.05271 | CL63: 2.05272 | CM63: 2.05273 | CN63: 2.05274 | CO63: 2.05025 | CP63: 2.04526 | CQ63: 2.04959 | CS63: 2.05024 | CT63: 2.04877 | CU63: 2.04878 | CV63: 2.04878 | CW63: 2.0418 | CX63: 2.0418 | CY63: 2.0393 | CZ63: 2.02535 | DA63: 2.03183 | DB63: 2.03184 | DC63: 1.9374
... A90: =WEEKDAY(B90) -> 6 | B90: 42132 | E90: 0.55929 | F90: 0.68301 | G90: 0.7114 | H90: 0.74606 | I90: 0.75554 | J90: 0.71177 | K90: 0.77143 | L90: 0.75024 | M90: 0.76693 | N90: 0.69728 | O90: 0.83965 | P90: 0.80239 | Q90: 0.72567 | R90: 0.76403 | S90: 0.86277 | T90: 0.85933 | U90: 0.77446 | V90: 0.81099 | W90: 0.87682 | X90: 0.92164 | Y90: 1.03444 | Z90: 0.97929 | AA90: 1.03248 | AB90: 1.03204 | AC90: 1.15592 | AD90: 1.13844 | AE90: 1.06336 | AF90: 1.20924 | AG90: 1.25847 | AH90: 1.32424 | AI90: 1.32064 | AJ90: 1.33526 | AK90: 1.21195 | AL90: 1.41399 | AM90: 1.5473 | AN90: 1.36855 | AO90: 1.60568 | AP90: 1.68523 | AQ90: 1.51477 | AR90: 1.73266 | AS90: 1.77116 | AT90: 1.81759 | AU90: 1.77128 | AV90: 1.71461 | AW90: 2.19109 | AX90: 2.20051 | AY90: 2.23024 | AZ90: 2.24633 | BA90: 2.27033 | BB90: 2.30875 | BC90: 2.32829 | BD90: 2.36739 | BE90: 2.27544 | BF90: 2.46186 | BG90: 2.44658 | BH90: 2.44051 | BI90: 2.43223 | BJ90: 2.41874 | BK90: 2.43247 | BL90: 2.4126 | BM90: 2.41271 | BN90: 2.41753 | BO90: 2.35111 | BP90: 2.39704 | BQ90: 2.39706 | BR90: 2.39707 | BS90: 2.39709 | BT90: 2.39211 | BW90: 2.38714 | BX90: 2.38887 | BY90: 2.38217 | BZ90: 2.37458 | CA90: 2.37459 | CB90: 2.3746 | CC90: 2.37893 | CD90: 2.37895 | CE90: 2.37091 | CF90: 2.37092 | CG90: 2.37101 | CH90: 2.36509 | CI90: 2.36234 | CJ90: 2.36182 | CK90: 2.36035 | CL90: 2.36036 | CM90: 2.36037 | CN90: 2.36038 | CO90: 2.35789 | CP90: 2.3529 | CQ90: 2.35041 | CS90: 2.35487 | CT90: 2.35488 | CU90: 2.35489 | CV90: 2.35489 | CW90: 2.36454 | CX90: 2.36455 | CY90: 2.34989 | CZ90: 2.34594 | DA90: 2.34343 | DB90: 2.34344 | DC90: 2.25322
A91: =WEEKDAY(B91) -> 2 | B91: 42135 | E91: 0.59801 | F91: 0.69491 | G91: 0.74694 | H91: 0.75588 | I91: 0.70134 | J91: 0.71659 | K91: 0.79166 | L91: 0.78441 | M91: 0.79398 | N91: 0.73215 | O91: 0.86964 | P91: 0.83396 | Q91: 0.77002 | R91: 0.80822 | S91: 0.9078 | T91: 0.91551 | U91: 0.82474 | V91: 0.86164 | W91: 0.92641 | X91: 0.97204 | Y91: 1.11228 | Z91: 1.06179 | AA91: 1.11345 | AB91: 1.13129 | AC91: 1.24321 | AD91: 1.25788 | AE91: 1.14254 | AF91: 1.29821 | AG91: 1.35025 | AH91: 1.41978 | AI91: 1.41769 | AJ91: 1.4328 | AK91: 1.29612 | AL91: 1.51048 | AM91: 1.66822 | AN91: 1.49758 | AO91: 1.72147 | AP91: 1.80353 | AQ91: 1.63632 | AR91: 1.85701 | AS91: 1.89555 | AT91: 1.93559 | AU91: 1.88996 | AV91: 1.83635 | AW91: 2.30715 | AX91: 2.32244 | AY91: 2.3552 | AZ91: 2.36854 | BA91: 2.38546 | BB91: 2.42826 | BC91: 2.43509 | BD91: 2.47766 | BE91: 2.37699 | BF91: 2.56572 | BG91: 2.5596 | BH91: 2.55051 | BI91: 2.54476 | BJ91: 2.53254 | BK91: 2.53866 | BL91: 2.52257 | BM91: 2.51759 | BN91: 2.51821 | BO91: 2.45766 | BP91: 2.50722 | BQ91: 2.50723 | BR91: 2.50724 | BS91: 2.50725 | BT91: 2.50226 | BW91: 2.49728 | BX91: 2.49759 | BY91: 2.49426 | BZ91: 2.48731 | CA91: 2.48732 | CB91: 2.48733 | CC91: 2.48763 | CD91: 2.48764 | CE91: 2.47757 | CF91: 2.47758 | CG91: 2.47733 | CH91: 2.47733 | CI91: 2.47257 | CJ91: 2.46768 | CK91: 2.46739 | CL91: 2.4674 | CM91: 2.4674 | CN91: 2.46741 | CO91: 2.46491 | CP91: 2.45992 | CQ91: 2.45743 | CS91: 2.44994 | CT91: 2.44994 | CU91: 2.44995 | CV91: 2.44995 | CW91: 2.44245 | CX91: 2.44246 | CY91: 2.43997 | CZ91: 2.43997 | DA91: 2.43247 | DB91: 2.43248
A92: =WEEKDAY(B92) -> 3 | B92: 42136 | E92: 0.59245 | F92: 0.70447 | G92: 0.74567 | H92: 0.7627 | I92: 0.69095 | J92: 0.74131 | K92: 0.79676 | L92: 0.77161 | M92: 0.77906 | N92: 0.71957 | O92: 0.86829 | P92: 0.82933 | Q92: 0.76313 | R92: 0.80122 | S92: 0.90041 | T92: 0.89783 | U92: 0.82122 | V92: 0.85862 | W92: 0.92498 | X92: 0.97029 | Y92: 1.08896 | Z92: 1.03943 | AA92: 1.08629 | AB92: 1.1053 | AC92: 1.21914 | AD92: 1.25749 | AE92: 1.13111 | AF92: 1.27749 | AG92: 1.33087 | AH92: 1.40465 | AI92: 1.40207 | AJ92: 1.40922 | AK92: 1.27875 | AL92: 1.49702 | AM92: 1.65635 | AN92: 1.47413 | AO92: 1.70959 | AP92: 1.79341 | AQ92: 1.6374 | AR92: 1.84674 | AS92: 1.88427 | AT92: 1.92388 | AU92: 1.87859 | AV92: 1.82864 | AW92: 2.29487 | AX92: 2.31027 | AY92: 2.34071 | AZ92: 2.35464 | BA92: 2.37633 | BB92: 2.41777 | BC92: 2.43195 | BD92: 2.47296 | BE92: 2.37391 | BF92: 2.56132 | BG92: 2.55506 | BH92: 2.5454 | BI92: 2.53969 | BJ92: 2.52743 | BK92: 2.5331 | BL92: 2.51746 | BM92: 2.51641 | BN92: 2.51366 | BO92: 2.45359 | BP92: 2.50544 | BQ92: 2.50545 | BR92: 2.50219 | BS92: 2.5022 | BT92: 2.49721 | BW92: 2.4955 | BX92: 2.49218 | BY92: 2.48885 | BZ92: 2.48226 | CA92: 2.48227 | CB92: 2.48228 | CC92: 2.48222 | CD92: 2.48223 | CE92: 2.4728 | CF92: 2.47281 | CG92: 2.47282 | CH92: 2.47261 | CI92: 2.46749 | CJ92: 2.46228 | CK92: 2.46235 | CL92: 2.46235 | CM92: 2.46236 | CN92: 2.46236 | CO92: 2.45987 | CP92: 2.45487 | CQ92: 2.45238 | CS92: 2.45985 | CT92: 2.45901 | CU92: 2.45902 | CV92: 2.45902 | CW92: 2.45237 | CX92: 2.45237 | CY92: 2.44986 | CZ92: 2.44489 | DA92: 2.44238 | DB92: 2.44239
A93: =WEEKDAY(B93) -> 4 | B93: 42137 | E93: 0.54017 | F93: 0.68459 | G93: 0.73215 | H93: 0.75211 | I93: 0.78091 | J93: 0.73356 | K93: 0.78563 | L93: 0.77523 | M93: 0.78595 | N93: 0.72515 | O93: 0.863 | P93: 0.82436 | Q93: 0.76005 | R93: 0.79797 | S93: 0.84682 | T93: 0.89553 | U93: 0.82058 | V93: 0.85623 | W93: 0.92301 | X93: 0.96797 | Y93: 1.09704 | Z93: 1.0509 | AA93: 1.09842 | AB93: 1.12109 | AC93: 1.23308 | AD93: 1.267 | AE93: 1.14249 | AF93: 1.29064 | AG93: 1.34383 | AH93: 1.42265 | AI93: 1.42004 | AJ93: 1.43438 | AK93: 1.30802 | AL93: 1.51264 | AM93: 1.66024 | AN93: 1.4967 | AO93: 1.71964 | AP93: 1.81307 | AQ93: 1.64018 | AR93: 1.86053 | AS93: 1.8985 | AT93: 1.93769 | AU93: 1.89578 | AV93: 1.84436 | AW93: 2.31352 | AX93: 2.3287 | AY93: 2.35705 | AZ93: 2.37436 | BA93: 2.3966 | BB93: 2.43459 | BC93: 2.46225 | BD93: 2.50337 | BE93: 2.3991 | BF93: 2.58892 | BG93: 2.58282 | BH93: 2.57338 | BI93: 2.56943 | BJ93: 2.55744 | BK93: 2.56405 | BL93: 2.55284 | BM93: 2.54252 | BN93: 2.54203 | BO93: 2.48332 | BP93: 2.53156 | BQ93: 2.53158 | BR93: 2.5316 | BS93: 2.53162 | BT93: 2.52664 | BW93: 2.52168 | BX93: 2.52274 | BY93: 2.51942 | BZ93: 2.51174 | CA93: 2.51175 | CB93: 2.51177 | CC93: 2.51283 | CD93: 2.51284 | CE93: 2.50213 | CF93: 2.50215 | CG93: 2.50148 | CH93: 2.5015 | CI93: 2.49886 | CJ93: 2.49293 | CK93: 2.4919 | CL93: 2.49191 | CM93: 2.49193 | CN93: 2.49194 | CO93: 2.48945 | CP93: 2.49445 | CQ93: 2.48197 | CS93: 2.48946 | CT93: 2.48947 | CU93: 2.48948 | CV93: 2.48949 | CW93: 2.48461 | CX93: 2.48462 | CY93: 2.48212 | CZ93: 2.47715 | DA93: 2.47465 | DB93: 2.47466
A94: =WEEKDAY(B94) -> 5 | B94: 42138 | E94: 0.47241 | F94: 0.68424 | G94: 0.71716 | H94: 0.74712 | I94: 0.71633 | J94: 0.73351 | K94: 0.77036 | L94: 0.75609 | M94: 0.7642 | N94: 0.70225 | O94: 0.8445 | P94: 0.80567 | Q94: 0.73819 | R94: 0.77689 | S94: 0.84404 | T94: 0.88569 | U94: 0.79956 | V94: 0.83365 | W94: 0.90014 | X94: 0.95149 | Y94: 1.07187 | Z94: 1.02294 | AA94: 1.0707 | AB94: 1.08839 | AC94: 1.20466 | AD94: 1.22712 | AE94: 1.11229 | AF94: 1.26049 | AG94: 1.31301 | AH94: 1.39695 | AI94: 1.39465 | AJ94: 1.40901 | AK94: 1.2706 | AL94: 1.48616 | AM94: 1.64 | AN94: 1.46887 | AO94: 1.69477 | AP94: 1.792 | AQ94: 1.63376 | AR94: 1.83946 | AS94: 1.87963 | AT94: 1.91844 | AU94: 1.87637 | AV94: 1.82759 | AW94: 2.30159 | AX94: 2.31506 | AY94: 2.34226 | AZ94: 2.35173 | BA94: 2.3799 | BB94: 2.42101 | BC94: 2.4525 | BD94: 2.49298 | BE94: 2.38741 | BF94: 2.5827 | BG94: 2.58147 | BH94: 2.55906 | BI94: 2.5602 | BJ94: 2.53464 | BK94: 2.56334 | BL94: 2.53816 | BM94: 2.5414 | BN94: 2.54842 | BO94: 2.4771 | BP94: 2.5317 | BQ94: 2.52972 | BR94: 2.52148 | BS94: 2.5215 | BT94: 2.52052 | BW94: 2.51156 | BX94: 2.51519 | BY94: 2.5066 | BZ94: 2.49857 | CA94: 2.50363 | CB94: 2.4986 | CC94: 2.50527 | CD94: 2.50529 | CE94: 2.49319 | CF94: 2.4932 | CG94: 2.49669 | CH94: 2.4899 | CI94: 2.4887 | CJ94: 2.48738 | CK94: 2.49078 | CL94: 2.4888 | CM94: 2.49081 | CN94: 2.48385 | CO94: 2.48336 | CP94: 2.48634 | CQ94: 2.47389 | CS94: 2.47936 | CT94: 2.47937 | CU94: 2.4927 | CV94: 2.47939 | CW94: 2.48772 | CX94: 2.48773 | CY94: 2.48774 | CZ94: 2.47045 | DA94: 2.46594 | DB94: 2.46595
A95: =WEEKDAY(B95) -> 6 | B95: 42139 | E95: 0.45599 | F95: 0.68387 | G95: 0.71178 | H95: 0.73722 | I95: 0.67582 | J95: 0.73345 | K95: 0.76212 | L95: 0.72719 | M95: 0.74443 | N95: 0.67968 | O95: 0.83277 | P95: 0.79168 | Q95: 0.71667 | R95: 0.75418 | S95: 0.81757 | T95: 0.84829 | U95: 0.7641 | V95: 0.80625 | W95: 0.87363 | X95: 0.91856 | Y95: 0.99851 | Z95: 0.96992 | AA95: 1.03071 | AB95: 1.03096 | AC95: 1.13169 | AD95: 1.16608 | AE95: 1.04512 | AF95: 1.19101 | AG95: 1.24441 | AH95: 1.34097 | AI95: 1.31965 | AJ95: 1.33528 | AK95: 1.2031 | AL95: 1.43115 | AM95: 1.55063 | AN95: 1.37901 | AO95: 1.60476 | AP95: 1.70387 | AQ95: 1.53828 | AR95: 1.75132 | AS95: 1.78849 | AT95: 1.83256 | AU95: 1.77379 | AV95: 1.73707 | AW95: 2.2134 | AX95: 2.22915 | AY95: 2.25555 | AZ95: 2.2752 | BA95: 2.29909 | BB95: 2.34315 | BC95: 2.36843 | BD95: 2.41547 | BE95: 2.31411 | BF95: 2.51758 | BG95: 2.49774 | BH95: 2.48278 | BI95: 2.46233 | BJ95: 2.45236 | BK95: 2.46786 | BL95: 2.45789 | BM95: 2.45292 | BN95: 2.45793 | BO95: 2.38856 | BP95: 2.46381 | BQ95: 2.46383 | BR95: 2.45886 | BS95: 2.45888 | BT95: 2.4539 | BW95: 2.44394 | BX95: 2.43535 | BY95: 2.43203 | BZ95: 2.42401 | CA95: 2.42402 | CB95: 2.42404 | CC95: 2.42543 | CD95: 2.42544 | CE95: 2.41156 | CF95: 2.41157 | CG95: 2.41368 | CH95: 2.40827 | CI95: 2.40829 | CJ95: 2.40887 | CK95: 2.40917 | CL95: 2.40918 | CM95: 2.40919 | CN95: 2.4092 | CO95: 2.40672 | CP95: 2.40673 | CQ95: 2.40423 | CS95: 2.40175 | CT95: 2.40176 | CU95: 2.41241 | CV95: 2.40178 | CW95: 2.40743 | CX95: 2.40744 | CY95: 2.40745 | CZ95: 2.39081 | DA95: 2.40246 | DB95: 2.40247 | DC95: 2.29485
A96: =WEEKDAY(B96) -> 3 | B96: 42143 | E96: 0.55606 | F96: 0.69346 | G96: 0.73086 | H96: 0.72283 | I96: 0.6853 | J96: 0.71638 | K96: 0.78048 | L96: 0.77308 | M96: 0.78296 | N96: 0.72841 | O96: 0.8599 | P96: 0.84202 | Q96: 0.76389 | R96: 0.80184 | S96: 0.84958 | T96: 0.89904 | U96: 0.82144 | V96: 0.85908 | W96: 0.92635 | X96: 0.97578 | Y96: 1.0994 | Z96: 1.04843 | AA96: 1.09894 | AB96: 1.11636 | AC96: 1.23303 | AD96: 1.26665 | AE96: 1.14459 | AF96: 1.31361 | AG96: 1.34454 | AH96: 1.43485 | AI96: 1.42875 | AJ96: 1.44299 | AK96: 1.30567 | AL96: 1.52848 | AM96: 1.65614 | AN96: 1.48077 | AO96: 1.71683 | AP96: 1.81571 | AQ96: 1.65426 | AR96: 1.86311 | AS96: 1.90463 | AT96: 1.94039 | AU96: 1.92593 | AV96: 1.85632 | AW96: 2.32731 | AX96: 2.33825 | AY96: 2.36382 | AZ96: 2.37826 | BA96: 2.40668 | BB96: 2.43964 | BC96: 2.4714 | BD96: 2.51018 | BE96: 2.41035 | BF96: 2.60888 | BG96: 2.59544 | BH96: 2.58047 | BI96: 2.56098 | BJ96: 2.551 | BK96: 2.565 | BL96: 2.55502 | BM96: 2.55004 | BN96: 2.55504 | BO96: 2.48913 | BP96: 2.54505 | BQ96: 2.54506 | BR96: 2.5562 | BS96: 2.55621 | BT96: 2.55122 | BW96: 2.54124 | BX96: 2.53322 | BY96: 2.5299 | BZ96: 2.52656 | CA96: 2.52657 | CB96: 2.52658 | CC96: 2.52018 | CD96: 2.52019 | CE96: 2.50852 | CF96: 2.50853 | CG96: 2.50854 | CH96: 2.50521 | CI96: 2.50622 | CJ96: 2.50665 | CK96: 2.50837 | CL96: 2.50838 | CM96: 2.50839 | CN96: 2.50839 | CO96: 2.5059 | CP96: 2.5059 | CQ96: 2.50341 | CS96: 2.50091 | CT96: 2.50929 | CU96: 2.50929 | CV96: 2.50093 | CW96: 2.49541 | CX96: 2.49542 | CY96: 2.49292 | CZ96: 2.48793 | DA96: 2.47534 | DB96: 2.47535 | DC96: 2.38546
A97: =WEEKDAY(B97) -> 4 | B97: 42144 | E97: 0.47932 | F97: 0.67943 | G97: 0.71231 | H97: 0.73379 | I97: 0.77801 | J97: 0.71126 | K97: 0.77464 | L97: 0.7625 | M97: 0.76969 | N97: 0.71301 | O97: 0.85307 | P97: 0.80809 | Q97: 0.74511 | R97: 0.78335 | S97: 0.83198 | T97: 0.86148 | U97: 0.796 | V97: 0.83302 | W97: 0.90168 | X97: 0.94471 | Y97: 1.07373 | Z97: 1.02146 | AA97: 1.08215 | AB97: 1.0975 | AC97: 1.20475 | AD97: 1.23013 | AE97: 1.11434 | AF97: 1.26499 | AG97: 1.30748 | AH97: 1.40944 | AI97: 1.40426 | AJ97: 1.41761 | AK97: 1.29259 | AL97: 1.5032 | AM97: 1.62645 | AN97: 1.46279 | AO97: 1.69169 | AP97: 1.78902 | AQ97: 1.62688 | AR97: 1.83442 | AS97: 1.87624 | AT97: 1.90914 | AU97: 1.89742 | AV97: 1.82855 | AW97: 2.30041 | AX97: 2.3121 | AY97: 2.32838 | AZ97: 2.35429 | BA97: 2.37916 | BB97: 2.41224 | BC97: 2.44189 | BD97: 2.48263 | BE97: 2.39015 | BF97: 2.58227 | BG97: 2.56709 | BH97: 2.54928 | BI97: 2.54163 | BJ97: 2.52302 | BK97: 2.53549 | BL97: 2.50806 | BM97: 2.52056 | BN97: 2.53996 | BO97: 2.46281 | BP97: 2.51558 | BQ97: 2.49814 | BR97: 2.53002 | BS97: 2.53004 | BT97: 2.52505 | BW97: 2.50158 | BX97: 2.50414 | BY97: 2.49662 | BZ97: 2.48918 | CA97: 2.48919 | CB97: 2.4892 | CC97: 2.49173 | CD97: 2.49175 | CE97: 2.48683 | CF97: 2.48685 | CG97: 2.48828 | CH97: 2.48187 | CI97: 2.48164 | CJ97: 2.47689 | CK97: 2.47341 | CL97: 2.47342 | CM97: 2.47343 | CN97: 2.47344 | CO97: 2.47533 | CP97: 2.47433 | CQ97: 2.47184 | CS97: 2.46935 | CT97: 2.46936 | CU97: 2.46937 | CV97: 2.46938 | CW97: 2.4755 | CX97: 2.47551 | CY97: 2.47551 | CZ97: 2.47052 | DA97: 2.4599 | DB97: 2.45991 | DC97: 2.36457
A98: =WEEKDAY(B98) -> 5 | B98: 42145 | E98: 0.41214 | F98: 0.67434 | G98: 0.70719 | H98: 0.72445 | I98: 0.7076 | J98: 0.71121 | K98: 0.7693 | L98: 0.74772 | M98: 0.76275 | N98: 0.7043 | O98: 0.8475 | P98: 0.80309 | Q98: 0.73621 | R98: 0.77415 | S98: 0.82328 | T98: 0.86433 | U98: 0.77901 | V98: 0.8157 | W98: 0.88287 | X98: 0.9277 | Y98: 1.03949 | Z98: 0.98338 | AA98: 1.03443 | AB98: 1.06022 | AC98: 1.1701 | AD98: 1.2045 | AE98: 1.08057 | AF98: 1.25146 | AG98: 1.28301 | AH98: 1.3701 | AI98: 1.36566 | AJ98: 1.37786 | AK98: 1.2528 | AL98: 1.46347 | AM98: 1.57473 | AN98: 1.39949 | AO98: 1.64203 | AP98: 1.73658 | AQ98: 1.56455 | AR98: 1.78198 | AS98: 1.82498 | AT98: 1.85883 | AU98: 1.85508 | AV98: 1.77568 | AW98: 2.24324 | AX98: 2.25638 | AY98: 2.27994 | AZ98: 2.30264 | BA98: 2.3241 | BB98: 2.35907 | BC98: 2.38887 | BD98: 2.42843 | BE98: 2.33214 | BF98: 2.51863 | BG98: 2.5123 | BH98: 2.49464 | BI98: 2.48815 | BJ98: 2.46272 | BK98: 2.49426 | BL98: 2.46822 | BM98: 2.46326 | BN98: 2.47833 | BO98: 2.40234 | BP98: 2.47435 | BQ98: 2.47436 | BR98: 2.46939 | BS98: 2.4694 | BT98: 2.45192 | BW98: 2.44195 | BX98: 2.44495 | BY98: 2.43699 | BZ98: 2.432 | CA98: 2.43201 | CB98: 2.43202 | CC98: 2.43502 | CD98: 2.43503 | CE98: 2.42553 | CF98: 2.42554 | CG98: 2.4241 | CH98: 2.42057 | CI98: 2.41912 | CJ98: 2.41712 | CK98: 2.41713 | CL98: 2.41714 | CM98: 2.41715 | CN98: 2.41716 | CO98: 2.41467 | CP98: 2.41468 | CQ98: 2.41219 | CS98: 2.4097 | CT98: 2.40971 | CU98: 2.40972 | CV98: 2.40972 | CW98: 2.41719 | CX98: 2.4172 | CY98: 2.40473 | CZ98: 2.40076 | DA98: 2.39825 | DB98: 2.39826 | DC98: 2.30429
A99: =WEEKDAY(B99) -> 6 | B99: 42146 | E99: 0.36128 | F99: 0.65498 | G99: 0.64222 | H99: 0.71015 | I99: 0.67508 | J99: 0.71117 | K99: 0.77406 | L99: 0.76501 | M99: 0.78054 | N99: 0.71737 | O99: 0.855 | P99: 0.81002 | Q99: 0.74777 | R99: 0.78562 | S99: 0.85262 | T99: 0.8629 | U99: 0.79082 | V99: 0.82738 | W99: 0.89394 | X99: 0.93893 | Y99: 1.05734 | Z99: 1.00491 | AA99: 1.05679 | AB99: 1.08918 | AC99: 1.19088 | AD99: 1.21318 | AE99: 1.10201 | AF99: 1.2525 | AG99: 1.29758 | AH99: 1.39453 | AI99: 1.3911 | AJ99: 1.40134 | AK99: 1.27544 | AL99: 1.49161 | AM99: 1.60293 | AN99: 1.42617 | AO99: 1.66359 | AP99: 1.76188 | AQ99: 1.58899 | AR99: 1.81204 | AS99: 1.8502 | AT99: 1.89363 | AU99: 1.85287 | AV99: 1.79586 | AW99: 2.26065 | AX99: 2.25475 | AY99: 2.29874 | AZ99: 2.3215 | BA99: 2.33455 | BB99: 2.3799 | BC99: 2.39931 | BD99: 2.43896 | BE99: 2.33932 | BF99: 2.52559 | BG99: 2.51692 | BH99: 2.49624 | BI99: 2.48792 | BJ99: 2.47795 | BK99: 2.49722 | BL99: 2.45568 | BM99: 2.46719 | BN99: 2.48229 | BO99: 2.40113 | BP99: 2.46222 | BQ99: 2.46224 | BR99: 2.47235 | BS99: 2.47236 | BT99: 2.45688 | BW99: 2.44692 | BX99: 2.4489 | BY99: 2.44195 | BZ99: 2.4346 | CA99: 2.43462 | CB99: 2.43463 | CC99: 2.43897 | CD99: 2.43898 | CE99: 2.43145 | CF99: 2.43146 | CG99: 2.43169 | CH99: 2.42498 | CI99: 2.42238 | CJ99: 2.4224 | CK99: 2.4221 | CL99: 2.42211 | CM99: 2.42212 | CN99: 2.42213 | CO99: 2.42105 | CP99: 2.41965 | CQ99: 2.41116 | CS99: 2.41466 | CT99: 2.40368 | CU99: 2.40369 | CV99: 2.4037 | CW99: 2.42212 | CX99: 2.42213 | CY99: 2.42214 | CZ99: 2.39373 | DA99: 2.40222 | DB99: 2.40222 | DC99: 2.30724
A100: =WEEKDAY(B100) -> 2 | B100: 42149 | E100: 0.4426 | F100: 0.66797 | G100: 0.72021 | H100: 0.73681 | I100: 0.76857 | J100: 0.71721 | K100: 0.77611 | L100: 0.75796 | M100: 0.77693 | N100: 0.71679 | O100: 0.85617 | P100: 0.8121 | Q100: 0.74479 | R100: 0.78216 | S100: 0.82988 | T100: 0.87239 | U100: 0.78866 | V100: 0.8246 | W100: 0.89029 | X100: 0.9407 | Y100: 1.05963 | Z100: 1.00804 | AA100: 1.0593 | AB100: 1.09069 | AC100: 1.19502 | AD100: 1.23298 | AE100: 1.1069 | AF100: 1.2771 | AG100: 1.30059 | AH100: 1.39952 | AI100: 1.39634 | AJ100: 1.40586 | AK100: 1.27908 | AL100: 1.4955 | AM100: 1.61472 | AN100: 1.43696 | AO100: 1.6686 | AP100: 1.77067 | AQ100: 1.6014 | AR100: 1.81806 | AS100: 1.86605 | AT100: 1.9009 | AU100: 1.89291 | AV100: 1.80946 | AW100: 2.27616 | AX100: 2.28275 | AY100: 2.32122 | AZ100: 2.33247 | BA100: 2.34849 | BB100: 2.38922 | BC100: 2.41127 | BD100: 2.44529 | BE100: 2.34724 | BF100: 2.53308 | BG100: 2.52506 | BH100: 2.50235 | BI100: 2.49502 | BJ100: 2.47705 | BK100: 2.50667 | BL100: 2.48056 | BM100: 2.47559 | BN100: 2.49171 | BO100: 2.40886 | BP100: 2.48672 | BQ100: 2.48673 | BR100: 2.48174 | BS100: 2.48175 | BT100: 2.47676 | BW100: 2.45628 | BX100: 2.45792 | BY100: 2.45131 | BZ100: 2.44631 | CA100: 2.44632 | CB100: 2.44632 | CC100: 2.44796 | CD100: 2.44797 | CE100: 2.43524 | CF100: 2.43525 | CG100: 2.43933 | CH100: 2.43193 | CI100: 2.43188 | CJ100: 2.43135 | CK100: 2.4314 | CL100: 2.4314 | CM100: 2.43141 | CN100: 2.43141 | CO100: 2.42892 | CP100: 2.42892 | CQ100: 2.42643 | CS100: 2.42393 | CT100: 2.42394 | CU100: 2.42394 | CV100: 2.42395 | CW100: 2.43085 | CX100: 2.43085 | CY100: 2.43086 | CZ100: 2.41446 | DA100: 2.41196 | DB100: 2.41196 | DC100: 2.31646
A101: =WEEKDAY(B101) -> 3 | B101: 42150 | E101: 0.4011 | F101: 0.66291 | G101: 0.71339 | H101: 0.71767 | I101: 0.69601 | J101: 0.71124 | K101: 0.765 | L101: 0.74007 | M101: 0.76003 | N101: 0.6898 | O101: 0.84253 | P101: 0.7967 | Q101: 0.71534 | R101: 0.75339 | S101: 0.81993 | T101: 0.82995 | U101: 0.75265 | V101: 0.79031 | W101: 0.85866 | X101: 0.90068 | Y101: 1.00445 | Z101: 0.94371 | AA101: 0.99382 | AB101: 1.03153 | AC101: 1.13062 | AD101: 1.16907 | AE101: 1.04312 | AF101: 1.21094 | AG101: 1.23549 | AH101: 1.3282 | AI101: 1.32493 | AJ101: 1.33854 | AK101: 1.19737 | AL101: 1.42597 | AM101: 1.53023 | AN101: 1.34577 | AO101: 1.58946 | AP101: 1.68134 | AQ101: 1.51093 | AR101: 1.72873 | AS101: 1.77844 | AT101: 1.82075 | AU101: 1.80454 | AV101: 1.72504 | AW101: 2.19614 | AX101: 2.20152 | AY101: 2.23514 | AZ101: 2.26125 | BA101: 2.26753 | BB101: 2.31133 | BC101: 2.33306 | BD101: 2.36605 | BE101: 2.26882 | BF101: 2.45548 | BG101: 2.44135 | BH101: 2.42475 | BI101: 2.41609 | BJ101: 2.40611 | BK101: 2.42554 | BL101: 2.38282 | BM101: 2.39431 | BN101: 2.41058 | BO101: 2.32903 | BP101: 2.38932 | BQ101: 2.38933 | BR101: 2.40061 | BS101: 2.40062 | BT101: 2.39563 | BW101: 2.37515 | BX101: 2.37674 | BY101: 2.37018 | BZ101: 2.36244 | CA101: 2.36244 | CB101: 2.36245 | CC101: 2.36433 | CD101: 2.36434 | CE101: 2.35848 | CF101: 2.35849 | CG101: 2.35949 | CH101: 2.35199 | CI101: 2.35016 | CJ101: 2.34949 | CK101: 2.34802 | CL101: 2.34803 | CM101: 2.34803 | CN101: 2.34804 | CO101: 2.3468 | CP101: 2.34779 | CQ101: 2.33932 | CS101: 2.3428 | CT101: 2.33183 | CU101: 2.33183 | CV101: 2.33184 | CW101: 2.34956 | CX101: 2.34957 | CY101: 2.34957 | CZ101: 2.33333 | DA101: 2.33082 | DB101: 2.34458 | DC101: 2.23586
A102: =WEEKDAY(B102) -> 4 | B102: 42151 | E102: 0.35726 | F102: 0.65797 | G102: 0.71693 | H102: 0.72403 | I102: 0.65811 | J102: 0.70603 | K102: 0.75702 | L102: 0.72972 | M102: 0.7478 | N102: 0.67693 | O102: 0.83328 | P102: 0.78653 | Q102: 0.69684 | R102: 0.73502 | S102: 0.78332 | T102: 0.82516 | U102: 0.72766 | V102: 0.76457 | W102: 0.83433 | X102: 0.87566 | Y102: 0.97579 | Z102: 0.91612 | AA102: 0.96717 | AB102: 1.00497 | AC102: 1.10073 | AD102: 1.13791 | AE102: 1.01339 | AF102: 1.16036 | AG102: 1.20473 | AH102: 1.29659 | AI102: 1.29379 | AJ102: 1.30742 | AK102: 1.16631 | AL102: 1.39469 | AM102: 1.50377 | AN102: 1.3391 | AO102: 1.55795 | AP102: 1.6496 | AQ102: 1.48976 | AR102: 1.69702 | AS102: 1.74835 | AT102: 1.78842 | AU102: 1.77486 | AV102: 1.69285 | AW102: 2.16215 | AX102: 2.16842 | AY102: 2.20228 | AZ102: 2.22696 | BA102: 2.23572 | BB102: 2.28102 | BC102: 2.29845 | BD102: 2.32954 | BE102: 2.23113 | BF102: 2.40749 | BG102: 2.39752 | BH102: 2.39388 | BI102: 2.37923 | BJ102: 2.37064 | BK102: 2.37427 | BL102: 2.36762 | BM102: 2.36099 | BN102: 2.35598 | BO102: 2.29337 | BP102: 2.35768 | BQ102: 2.3577 | BR102: 2.35439 | BS102: 2.35907 | BT102: 2.34606 | BW102: 2.3361 | BX102: 2.33781 | BY102: 2.33112 | BZ102: 2.32517 | CA102: 2.32519 | CB102: 2.3252 | CC102: 2.32618 | CD102: 2.32619 | CE102: 2.3223 | CF102: 2.32232 | CG102: 2.31925 | CH102: 2.31624 | CI102: 2.31332 | CJ102: 2.31236 | CK102: 2.31434 | CL102: 2.31435 | CM102: 2.31436 | CN102: 2.31437 | CO102: 2.31438 | CP102: 2.30284 | CQ102: 2.30035 | CS102: 2.29287 | CT102: 2.30036 | CU102: 2.29289 | CV102: 2.29289 | CW102: 2.31394 | CX102: 2.31395 | CY102: 2.29794 | CZ102: 2.28292 | DA102: 2.28989 | DB102: 2.2899 | DC102: 2.2018
A103: =WEEKDAY(B103) -> 5 | B103: 42152 | E103: -0.005 | F103: 0.65759 | G103: 0.59031 | H103: 0.71347 | I103: 0.63821 | J103: 0.70598 | K103: 0.74909 | L103: 0.72204 | M103: 0.74284 | N103: 0.66536 | O103: 0.82736 | P103: 0.79398 | Q103: 0.68328 | R103: 0.72139 | S103: 0.78729 | T103: 0.81107 | U103: 0.71369 | V103: 0.75125 | W103: 0.82126 | X103: 0.86306 | Y103: 0.96076 | Z103: 0.90167 | AA103: 0.95148 | AB103: 0.98308 | AC103: 1.08468 | AD103: 1.12172 | AE103: 0.99522 | AF103: 1.14531 | AG103: 1.2029 | AH103: 1.2803 | AI103: 1.27687 | AJ103: 1.28967 | AK103: 1.15007 | AL103: 1.37692 | AM103: 1.48465 | AN103: 1.309 | AO103: 1.54459 | AP103: 1.63764 | AQ103: 1.4678 | AR103: 1.68506 | AS103: 1.733 | AT103: 1.77557 | AU103: 1.76282 | AV103: 1.68113 | AW103: 2.15513 | AX103: 2.15869 | AY103: 2.19748 | AZ103: 2.2302 | BA103: 2.24109 | BB103: 2.27481 | BC103: 2.29237 | BD103: 2.32813 | BE103: 2.21829 | BF103: 2.40187 | BG103: 2.39191 | BH103: 2.38695 | BI103: 2.37592 | BJ103: 2.36857 | BK103: 2.36735 | BL103: 2.3607 | BM103: 2.35406 | BN103: 2.34903 | BO103: 2.28918 | BP103: 2.34976 | BQ103: 2.34978 | BR103: 2.34646 | BS103: 2.34648 | BT103: 2.33762 | BW103: 2.32485 | BX103: 2.32767 | BY103: 2.32427 | BZ103: 2.31823 | CA103: 2.31824 | CB103: 2.31825 | CC103: 2.31933 | CD103: 2.31934 | CE103: 2.31529 | CF103: 2.3153 | CG103: 2.31191 | CH103: 2.30668 | CI103: 2.30693 | CJ103: 2.30776 | CK103: 2.30942 | CL103: 2.30943 | CM103: 2.30944 | CN103: 2.30945 | CO103: 2.30945 | CP103: 2.30446 | CQ103: 2.30447 | CS103: 2.29947 | CT103: 2.29948 | CU103: 2.29948 | CV103: 2.29949 | CW103: 2.29301 | CX103: 2.29302 | CY103: 2.29302 | CZ103: 2.28806 | DA103: 2.28544 | DB103: 2.28544 | DC103: 2.19298
A104: =WEEKDAY(B104) -> 6 | B104: 42153 | E104: 0.11754 | F104: 0.65721 | G104: 0.67574 | H104: 0.68452 | I104: 0.60481 | J104: 0.70102 | K104: 0.70235 | L104: 0.69588 | M104: 0.72205 | N104: 0.62981 | O104: 0.79923 | P104: 0.76762 | Q104: 0.63244 | R104: 0.67033 | S104: 0.7361 | T104: 0.75875 | U104: 0.66206 | V104: 0.69958 | W104: 0.77122 | X104: 0.81078 | Y104: 0.88005 | Z104: 0.84034 | AA104: 0.89236 | AB104: 0.92913 | AC104: 1.02315 | AD104: 1.04971 | AE104: 0.93899 | AF104: 1.10348 | AG104: 1.14084 | AH104: 1.22192 | AI104: 1.21899 | AJ104: 1.23157 | AK104: 1.10077 | AL104: 1.31913 | AM104: 1.43771 | AN104: 1.25041 | AO104: 1.50274 | AP104: 1.59431 | AQ104: 1.43244 | AR104: 1.64523 | AS104: 1.68882 | AT104: 1.72251 | AU104: 1.72152 | AV104: 1.63891 | AW104: 2.10851 | AX104: 2.12224 | AY104: 2.1536 | AZ104: 2.17314 | BA104: 2.18943 | BB104: 2.22408 | BC104: 2.2494 | BD104: 2.28264 | BE104: 2.18841 | BF104: 2.36943 | BG104: 2.35441 | BH104: 2.35018 | BI104: 2.33952 | BJ104: 2.3324 | BK104: 2.32996 | BL104: 2.31902 | BM104: 2.31667 | BN104: 2.3112 | BO104: 2.24905 | BP104: 2.31237 | BQ104: 2.31238 | BR104: 2.30475 | BS104: 2.30477 | BT104: 2.29979 | BW104: 2.28802 | BX104: 2.28983 | BY104: 2.28752 | BZ104: 2.28139 | CA104: 2.2814 | CB104: 2.28142 | CC104: 2.28143 | CD104: 2.28144 | CE104: 2.27854 | CF104: 2.27855 | CG104: 2.2726 | CH104: 2.26928 | CI104: 2.26933 | CJ104: 2.27108 | CK104: 2.27265 | CL104: 2.27266 | CM104: 2.27267 | CN104: 2.27268 | CO104: 2.27269 | CP104: 2.2677 | CQ104: 2.26771 | CS104: 2.26271 | CT104: 2.26272 | CU104: 2.26273 | CV104: 2.26273 | CW104: 2.26995 | CX104: 2.26995 | CY104: 2.25685 | CZ104: 2.25188 | DA104: 2.24687 | DB104: 2.24687 | DC104: 2.15801
A105: =WEEKDAY(B105) -> 2 | B105: 42156 | F105: 0.65283 | G105: 0.7041 | H105: 0.72014 | I105: 0.61697 | J105: 0.70613 | K105: 0.74209 | L105: 0.70746 | M105: 0.72321 | N105: 0.62916 | O105: 0.80447 | P105: 0.76615 | Q105: 0.63107 | R105: 0.66926 | S105: 0.73531 | T105: 0.7585 | U105: 0.66302 | V105: 0.6999 | W105: 0.76722 | X105: 0.81176 | Y105: 0.91399 | Z105: 0.85841 | AA105: 0.90944 | AB105: 0.94304 | AC105: 1.03925 | AD105: 1.07806 | AE105: 0.95997 | AF105: 1.10093 | AG105: 1.14902 | AH105: 1.23969 | AI105: 1.23627 | AJ105: 1.25113 | AK105: 1.10925 | AL105: 1.33857 | AM105: 1.45358 | AN105: 1.26359 | AO105: 1.50744 | AP105: 1.61338 | AQ105: 1.44198 | AR105: 1.6638 | AS105: 1.70791 | AT105: 1.75128 | AU105: 1.73776 | AV105: 1.65487 | AW105: 2.13062 | AX105: 2.13918 | AY105: 2.17401 | AZ105: 2.20046 | BA105: 2.20576 | BB105: 2.25759 | BC105: 2.27382 | BD105: 2.31546 | BE105: 2.20964 | BF105: 2.38793 | BG105: 2.37796 | BH105: 2.37464 | BI105: 2.35998 | BJ105: 2.35151 | BK105: 2.35501 | BL105: 2.34835 | BM105: 2.3417 | BN105: 2.33661 | BO105: 2.27307 | BP105: 2.33738 | BQ105: 2.33739 | BR105: 2.33407 | BS105: 2.33408 | BT105: 2.32516 | BW105: 2.31518 | BX105: 2.31519 | BY105: 2.30813 | BZ105: 2.30481 | CA105: 2.30482 | CB105: 2.30483 | CC105: 2.30484 | CD105: 2.30484 | CE105: 2.30354 | CF105: 2.30355 | CG105: 2.29904 | CH105: 2.2942 | CI105: 2.29405 | CJ105: 2.29407 | CK105: 2.29506 | CL105: 2.29507 | CM105: 2.29508 | CN105: 2.29508 | CO105: 2.29509 | CP105: 2.28185 | CQ105: 2.29009 | CS105: 2.28508 | CT105: 2.27187 | CU105: 2.27187 | CV105: 2.27187 | CW105: 2.26438 | CX105: 2.26439 | CY105: 2.27862 | CZ105: 2.27365 | DA105: 2.27194 | DB105: 2.27194 | DC105: 2.17942
A106: =WEEKDAY(B106) -> 3 | B106: 42157 | F106: 0.65258 | G106: 0.69735 | H106: 0.72458 | I106: 0.64173 | J106: 0.70115 | K106: 0.74933 | L106: 0.72324 | M106: 0.7391 | N106: 0.65019 | O106: 0.81871 | P106: 0.78018 | Q106: 0.65773 | R106: 0.69501 | S106: 0.76292 | T106: 0.78554 | U106: 0.69462 | V106: 0.73067 | W106: 0.7987 | X106: 0.84171 | Y106: 0.96766 | Z106: 0.91601 | AA106: 0.96908 | AB106: 1.00698 | AC106: 1.10111 | AD106: 1.13149 | AE106: 1.01784 | AF106: 1.18218 | AG106: 1.21087 | AH106: 1.30215 | AI106: 1.2992 | AJ106: 1.3144 | AK106: 1.18204 | AL106: 1.40167 | AM106: 1.5268 | AN106: 1.33568 | AO106: 1.58066 | AP106: 1.69534 | AQ106: 1.52395 | AR106: 1.74628 | AS106: 1.79652 | AT106: 1.83695 | AU106: 1.82324 | AV106: 1.73908 | AW106: 2.21612 | AX106: 2.22052 | AY106: 2.26399 | AZ106: 2.27854 | BA106: 2.29919 | BB106: 2.33252 | BC106: 2.35241 | BD106: 2.38744 | BE106: 2.28712 | BF106: 2.46212 | BG106: 2.44677 | BH106: 2.44179 | BI106: 2.43216 | BJ106: 2.41999 | BK106: 2.42408 | BL106: 2.41198 | BM106: 2.41077 | BN106: 2.40523 | BO106: 2.34281 | BP106: 2.40612 | BQ106: 2.40613 | BR106: 2.40281 | BS106: 2.40282 | BT106: 2.39329 | BW106: 2.38331 | BX106: 2.38332 | BY106: 2.37629 | BZ106: 2.37296 | CA106: 2.37297 | CB106: 2.37298 | CC106: 2.37299 | CD106: 2.37299 | CE106: 2.37293 | CF106: 2.37294 | CG106: 2.36961 | CH106: 2.36295 | CI106: 2.36218 | CJ106: 2.36222 | CK106: 2.3623 | CL106: 2.3623 | CM106: 2.36231 | CN106: 2.36231 | CO106: 2.36232 | CP106: 2.35094 | CQ106: 2.34844 | CS106: 2.35232 | CT106: 2.34096 | CU106: 2.34097 | CV106: 2.34097 | CW106: 2.34806 | CX106: 2.34807 | CY106: 2.34732 | CZ106: 2.33099 | DA106: 2.34056 | DB106: 2.34056 | DC106: 2.24851
A107: =WEEKDAY(B107) -> 4 | B107: 42158 | F107: 0.63722 | G107: 0.67033 | H107: 0.69194 | I107: 0.64374 | J107: 0.69587 | K107: 0.75064 | L107: 0.75061 | M107: 0.74075 | N107: 0.66419 | O107: 0.83615 | P107: 0.82179 | Q107: 0.69543 | R107: 0.71746 | S107: 0.78725 | T107: 0.81028 | U107: 0.72788 | V107: 0.76429 | W107: 0.82937 | X107: 0.87942 | Y107: 1.00624 | Z107: 0.95709 | AA107: 1.0087 | AB107: 1.04742 | AC107: 1.15093 | AD107: 1.19309 | AE107: 1.07128 | AF107: 1.23529 | AG107: 1.27484 | AH107: 1.35855 | AI107: 1.35431 | AJ107: 1.37293 | AK107: 1.22568 | AL107: 1.46111 | AM107: 1.59505 | AN107: 1.39839 | AO107: 1.65576 | AP107: 1.76629 | AQ107: 1.60069 | AR107: 1.81674 | AS107: 1.86961 | AT107: 1.91113 | AU107: 1.89896 | AV107: 1.81212 | AW107: 2.28909 | AX107: 2.2942 | AY107: 2.333 | AZ107: 2.35005 | BA107: 2.36448 | BB107: 2.40692 | BC107: 2.42641 | BD107: 2.45954 | BE107: 2.36688 | BF107: 2.53574 | BG107: 2.51979 | BH107: 2.51126 | BI107: 2.50589 | BJ107: 2.49264 | BK107: 2.50648 | BL107: 2.48605 | BM107: 2.486 | BN107: 2.48044 | BO107: 2.42005 | BP107: 2.48136 | BQ107: 2.48138 | BR107: 2.4846 | BS107: 2.48461 | BT107: 2.46853 | BW107: 2.45856 | BX107: 2.4615 | BY107: 2.45359 | BZ107: 2.44679 | CA107: 2.44681 | CB107: 2.44682 | CC107: 2.44683 | CD107: 2.44684 | CE107: 2.44534 | CF107: 2.44535 | CG107: 2.44269 | CH107: 2.44096 | CI107: 2.43639 | CJ107: 2.43429 | CK107: 2.43274 | CL107: 2.43275 | CM107: 2.43276 | CN107: 2.43277 | CO107: 2.43434 | CP107: 2.42529 | CQ107: 2.4228 | CS107: 2.4263 | CT107: 2.41533 | CU107: 2.41533 | CV107: 2.41534 | CW107: 2.42382 | CX107: 2.42383 | CY107: 2.42132 | CZ107: 2.40537 | DA107: 2.41545 | DB107: 2.41545 | DC107: 2.3195
A108: =WEEKDAY(B108) -> 5 | B108: 42159 | F108: 0.6217 | G108: 0.65365 | H108: 0.67808 | I108: 0.60129 | J108: 0.67129 | K108: 0.70331 | L108: 0.71257 | M108: 0.71502 | N108: 0.63094 | O108: 0.79042 | P108: 0.7823 | Q108: 0.65841 | R108: 0.68084 | S108: 0.7499 | T108: 0.77355 | U108: 0.68623 | V108: 0.7222 | W108: 0.7888 | X108: 0.83841 | Y108: 0.95971 | Z108: 0.90887 | AA108: 0.9594 | AB108: 0.99767 | AC108: 1.09618 | AD108: 1.13811 | AE108: 1.01253 | AF108: 1.18127 | AG108: 1.22076 | AH108: 1.3068 | AI108: 1.30359 | AJ108: 1.32075 | AK108: 1.18557 | AL108: 1.40916 | AM108: 1.54175 | AN108: 1.357 | AO108: 1.60305 | AP108: 1.71426 | AQ108: 1.54907 | AR108: 1.76461 | AS108: 1.817 | AT108: 1.85764 | AU108: 1.84503 | AV108: 1.75868 | AW108: 2.238 | AX108: 2.24356 | AY108: 2.28872 | AZ108: 2.29881 | BA108: 2.3194 | BB108: 2.35275 | BC108: 2.38036 | BD108: 2.42002 | BE108: 2.32474 | BF108: 2.48978 | BG108: 2.47517 | BH108: 2.47285 | BI108: 2.45755 | BJ108: 2.44962 | BK108: 2.45425 | BL108: 2.4476 | BM108: 2.44097 | BN108: 2.43497 | BO108: 2.37469 | BP108: 2.437 | BQ108: 2.43701 | BR108: 2.43902 | BS108: 2.43903 | BT108: 2.42406 | BW108: 2.41409 | BX108: 2.41411 | BY108: 2.40648 | BZ108: 2.40317 | CA108: 2.40318 | CB108: 2.40319 | CC108: 2.4032 | CD108: 2.40322 | CE108: 2.40323 | CF108: 2.40324 | CG108: 2.39823 | CH108: 2.39393 | CI108: 2.39332 | CJ108: 2.39267 | CK108: 2.39235 | CL108: 2.39236 | CM108: 2.39236 | CN108: 2.39237 | CO108: 2.39238 | CP108: 2.38082 | CQ108: 2.37833 | CS108: 2.37085 | CT108: 2.37086 | CU108: 2.37087 | CV108: 2.37088 | CW108: 2.39344 | CX108: 2.39345 | CY108: 2.37711 | CZ108: 2.36091 | DA108: 2.37087 | DB108: 2.37087 | DC108: 2.27447
A109: =WEEKDAY(B109) -> 6 | B109: 42160 | F109: 0.6307 | G109: 0.66343 | H109: 0.68611 | I109: 0.63029 | J109: 0.68106 | K109: 0.76023 | L109: 0.75898 | M109: 0.75753 | N109: 0.68419 | O109: 0.85034 | P109: 0.83595 | Q109: 0.72241 | R109: 0.7526 | S109: 0.81342 | T109: 0.83708 | U109: 0.7544 | V109: 0.79017 | W109: 0.85654 | X109: 0.90169 | Y109: 1.03538 | Z109: 0.99094 | AA109: 1.04137 | AB109: 1.07024 | AC109: 1.17653 | AD109: 1.22066 | AE109: 1.10203 | AF109: 1.25536 | AG109: 1.2941 | AH109: 1.39456 | AI109: 1.39299 | AJ109: 1.40488 | AK109: 1.2741 | AL109: 1.4945 | AM109: 1.63499 | AN109: 1.43541 | AO109: 1.69507 | AP109: 1.81074 | AQ109: 1.64165 | AR109: 1.85713 | AS109: 1.91129 | AT109: 1.94753 | AU109: 1.95741 | AV109: 1.8477 | AW109: 2.32059 | AX109: 2.32432 | AY109: 2.36813 | AZ109: 2.38681 | BA109: 2.40732 | BB109: 2.43488 | BC109: 2.45431 | BD109: 2.48861 | BE109: 2.39 | BF109: 2.55172 | BG109: 2.53711 | BH109: 2.53413 | BI109: 2.51882 | BJ109: 2.51055 | BK109: 2.51453 | BL109: 2.50788 | BM109: 2.50125 | BN109: 2.49542 | BO109: 2.4293 | BP109: 2.49694 | BQ109: 2.49696 | BR109: 2.49365 | BS109: 2.49367 | BT109: 2.48401 | BW109: 2.47405 | BX109: 2.47406 | BY109: 2.46709 | BZ109: 2.46378 | CA109: 2.46379 | CB109: 2.46381 | CC109: 2.46382 | CD109: 2.46383 | CE109: 2.46384 | CF109: 2.46385 | CG109: 2.46053 | CH109: 2.45388 | CI109: 2.45326 | CJ109: 2.45327 | CK109: 2.45328 | CL109: 2.45329 | CM109: 2.4533 | CN109: 2.45331 | CO109: 2.45332 | CP109: 2.44178 | CQ109: 2.43928 | CS109: 2.43181 | CT109: 2.43897 | CU109: 2.43898 | CV109: 2.43899 | CW109: 2.43807 | CX109: 2.43808 | CY109: 2.43686 | CZ109: 2.42186 | DA109: 2.42783 | DB109: 2.42784 | DC109: 2.3334
A110: =WEEKDAY(B110) -> 2 | B110: 42163 | F110: 0.65003 | G110: 0.67655 | H110: 0.70142 | I110: 0.74312 | J110: 0.69603 | K110: 0.76483 | L110: 0.76115 | M110: 0.75691 | N110: 0.68151 | O110: 0.85006 | P110: 0.81727 | Q110: 0.72048 | R110: 0.74886 | S110: 0.8075 | T110: 0.83083 | U110: 0.74521 | V110: 0.78326 | W110: 0.8504 | X110: 0.90094 | Y110: 1.02566 | Z110: 0.97757 | AA110: 1.02894 | AB110: 1.07049 | AC110: 1.16542 | AD110: 1.20994 | AE110: 1.07843 | AF110: 1.25324 | AG110: 1.29162 | AH110: 1.38449 | AI110: 1.38 | AJ110: 1.39573 | AK110: 1.24896 | AL110: 1.48412 | AM110: 1.62607 | AN110: 1.42043 | AO110: 1.6821 | AP110: 1.79991 | AQ110: 1.62762 | AR110: 1.84625 | AS110: 1.90353 | AT110: 1.94055 | AU110: 1.95612 | AV110: 1.83744 | AW110: 2.31813 | AX110: 2.31207 | AY110: 2.35833 | AZ110: 2.37883 | BA110: 2.39383 | BB110: 2.43092 | BC110: 2.45087 | BD110: 2.48359 | BE110: 2.39174 | BF110: 2.55272 | BG110: 2.53792 | BH110: 2.52995 | BI110: 2.52277 | BJ110: 2.51432 | BK110: 2.51431 | BL110: 2.50234 | BM110: 2.50101 | BN110: 2.49584 | BO110: 2.4257 | BP110: 2.49636 | BQ110: 2.49637 | BR110: 2.49305 | BS110: 2.49306 | BT110: 2.4839 | BW110: 2.47392 | BX110: 2.47393 | BY110: 2.46711 | BZ110: 2.46379 | CA110: 2.4638 | CB110: 2.4638 | CC110: 2.46381 | CD110: 2.46382 | CE110: 2.46316 | CF110: 2.46317 | CG110: 2.45651 | CH110: 2.45319 | CI110: 2.45254 | CJ110: 2.45288 | CK110: 2.45355 | CL110: 2.45355 | CM110: 2.45356 | CN110: 2.45357 | CO110: 2.45357 | CP110: 2.44156 | CQ110: 2.43906 | CS110: 2.44357 | CT110: 2.43158 | CU110: 2.43158 | CV110: 2.43159 | CW110: 2.43881 | CX110: 2.43881 | CY110: 2.43755 | CZ110: 2.42161 | DA110: 2.4313 | DB110: 2.4313 | DC110: 2.33699
A111: =WEEKDAY(B111) -> 3 | B111: 42164 | F111: 0.64493 | G111: 0.67501 | H111: 0.70612 | I111: 0.80351 | J111: 0.70095 | K111: 0.78897 | L111: 0.75723 | M111: 0.76882 | N111: 0.70292 | O111: 0.86014 | P111: 0.82597 | Q111: 0.73428 | R111: 0.76943 | S111: 0.85577 | T111: 0.85901 | U111: 0.7827 | V111: 0.81547 | W111: 0.8824 | X111: 0.92535 | Y111: 1.06054 | Z111: 1.01381 | AA111: 1.07426 | AB111: 1.0948 | AC111: 1.20834 | AD111: 1.23308 | AE111: 1.13611 | AF111: 1.28814 | AG111: 1.33573 | AH111: 1.43745 | AI111: 1.43336 | AJ111: 1.44707 | AK111: 1.30532 | AL111: 1.5372 | AM111: 1.6806 | AN111: 1.47989 | AO111: 1.74094 | AP111: 1.85187 | AQ111: 1.68618 | AR111: 1.90322 | AS111: 1.96603 | AT111: 2.00484 | AU111: 1.99531 | AV111: 1.89942 | AW111: 2.36911 | AX111: 2.38023 | AY111: 2.41045 | AZ111: 2.43119 | BA111: 2.44734 | BB111: 2.48684 | BC111: 2.50216 | BD111: 2.53587 | BE111: 2.44661 | BF111: 2.60455 | BG111: 2.58765 | BH111: 2.58572 | BI111: 2.57741 | BJ111: 2.56601 | BK111: 2.56371 | BL111: 2.54497 | BM111: 2.54548 | BN111: 2.54411 | BO111: 2.47638 | BP111: 2.54032 | BQ111: 2.54033 | BR111: 2.54245 | BS111: 2.54246 | BT111: 2.53217 | BW111: 2.5195 | BX111: 2.5222 | BY111: 2.51619 | BZ111: 2.51286 | CA111: 2.51287 | CB111: 2.51288 | CC111: 2.51531 | CD111: 2.51531 | CE111: 2.51462 | CF111: 2.51463 | CG111: 2.5113 | CH111: 2.50487 | CI111: 2.49928 | CJ111: 2.50186 | CK111: 2.4973 | CL111: 2.49731 | CM111: 2.49731 | CN111: 2.49732 | CO111: 2.50119 | CP111: 2.49289 | CQ111: 2.4962 | CS111: 2.48291 | CT111: 2.48292 | CU111: 2.48292 | CV111: 2.48293 | CW111: 2.48756 | CX111: 2.48756 | CY111: 2.48631 | CZ111: 2.47906 | DA111: 2.47893 | DB111: 2.47894 | DC111: 2.38677
A112: =WEEKDAY(B112) -> 4 | B112: 42165 | F112: 0.6331 | G112: 0.6712 | H112: 0.71367 | I112: 0.82849 | J112: 0.70534 | K112: 0.77755 | L112: 0.77778 | M112: 0.78117 | N112: 0.71863 | O112: 0.86666 | P112: 0.85254 | Q112: 0.7564 | R112: 0.79111 | S112: 0.87785 | T112: 0.88124 | U112: 0.80893 | V112: 0.84257 | W112: 0.90758 | X112: 0.95745 | Y112: 1.08931 | Z112: 1.04069 | AA112: 1.10177 | AB112: 1.12094 | AC112: 1.22257 | AD112: 1.27565 | AE112: 1.15462 | AF112: 1.31479 | AG112: 1.36653 | AH112: 1.46349 | AI112: 1.46389 | AJ112: 1.47704 | AK112: 1.34496 | AL112: 1.566 | AM112: 1.70419 | AN112: 1.50616 | AO112: 1.76474 | AP112: 1.87844 | AQ112: 1.71454 | AR112: 1.93057 | AS112: 1.99375 | AT112: 2.03388 | AU112: 2.01275 | AV112: 1.92723 | AW112: 2.404 | AX112: 2.40807 | AY112: 2.44566 | AZ112: 2.46466 | BA112: 2.48117 | BB112: 2.52482 | BC112: 2.54054 | BD112: 2.56684 | BE112: 2.48554 | BF112: 2.64292 | BG112: 2.62805 | BH112: 2.62065 | BI112: 2.61581 | BJ112: 2.60439 | BK112: 2.60419 | BL112: 2.59193 | BM112: 2.59091 | BN112: 2.58563 | BO112: 2.51659 | BP112: 2.58627 | BQ112: 2.58629 | BR112: 2.58298 | BS112: 2.583 | BT112: 2.57372 | BW112: 2.56376 | BX112: 2.56377 | BY112: 2.55672 | BZ112: 2.5534 | CA112: 2.55342 | CB112: 2.55343 | CC112: 2.55344 | CD112: 2.55346 | CE112: 2.55318 | CF112: 2.55319 | CG112: 2.54987 | CH112: 2.54322 | CI112: 2.54228 | CJ112: 2.54244 | CK112: 2.54274 | CL112: 2.54275 | CM112: 2.54276 | CN112: 2.54277 | CO112: 2.54278 | CP112: 2.53149 | CQ112: 2.529 | CS112: 2.52152 | CT112: 2.52861 | CU112: 2.52861 | CV112: 2.52862 | CW112: 2.52769 | CX112: 2.5277 | CY112: 2.52639 | CZ112: 2.51158 | DA112: 2.51762 | DB112: 2.51762 | DC112: 2.42419
A113: =WEEKDAY(B113) -> 5 | B113: 42166 | F113: 0.6326 | G113: 0.66089 | H113: 0.68728 | I113: 0.79907 | J113: 0.70529 | K113: 0.77997 | L113: 0.74724 | M113: 0.76038 | N113: 0.68852 | O113: 0.85359 | P113: 0.82973 | Q113: 0.71638 | R113: 0.75037 | S113: 0.83571 | T113: 0.85239 | U113: 0.76232 | V113: 0.79937 | W113: 0.86089 | X113: 0.91781 | Y113: 1.03943 | Z113: 0.9921 | AA113: 1.05031 | AB113: 1.07094 | AC113: 1.15987 | AD113: 1.1834 | AE113: 1.09038 | AF113: 1.26053 | AG113: 1.29964 | AH113: 1.39155 | AI113: 1.39115 | AJ113: 1.41081 | AK113: 1.25947 | AL113: 1.50647 | AM113: 1.62694 | AN113: 1.43773 | AO113: 1.68884 | AP113: 1.79996 | AQ113: 1.62774 | AR113: 1.8492 | AS113: 1.90449 | AT113: 1.94893 | AU113: 1.92775 | AV113: 1.84 | AW113: 2.33174 | AX113: 2.33011 | AY113: 2.36668 | AZ113: 2.39127 | BA113: 2.41832 | BB113: 2.46165 | BC113: 2.47336 | BD113: 2.5144 | BE113: 2.41913 | BF113: 2.57617 | BG113: 2.56137 | BH113: 2.5534 | BI113: 2.54808 | BJ113: 2.53678 | BK113: 2.53646 | BL113: 2.52432 | BM113: 2.52317 | BN113: 2.51887 | BO113: 2.4524 | BP113: 2.51854 | BQ113: 2.51856 | BR113: 2.51525 | BS113: 2.51526 | BT113: 2.50696 | BW113: 2.497 | BX113: 2.49867 | BY113: 2.49036 | BZ113: 2.48705 | CA113: 2.48706 | CB113: 2.48707 | CC113: 2.48709 | CD113: 2.4871 | CE113: 2.48544 | CF113: 2.48545 | CG113: 2.47879 | CH113: 2.47547 | CI113: 2.47465 | CJ113: 2.4755 | CK113: 2.47719 | CL113: 2.4772 | CM113: 2.47721 | CN113: 2.47722 | CO113: 2.47723 | CP113: 2.46473 | CQ113: 2.47224 | CS113: 2.45476 | CT113: 2.47091 | CU113: 2.47092 | CV113: 2.47092 | CW113: 2.44729 | CX113: 2.4473 | CY113: 2.45777 | CZ113: 2.44481 | DA113: 2.43733 | DB113: 2.43733 | DC113: 2.35435
A114: =WEEKDAY(B114) -> 6 | B114: 42167 | F114: 0.65367 | G114: 0.65808 | H114: 0.68157 | I114: 0.7877 | J114: 0.70033 | K114: 0.75317 | L114: 0.73765 | M114: 0.75443 | N114: 0.67965 | O114: 0.8458 | P114: 0.82321 | Q114: 0.70272 | R114: 0.73658 | S114: 0.82292 | T114: 0.83985 | U114: 0.74693 | V114: 0.78472 | W114: 0.84661 | X114: 0.90396 | Y114: 1.02059 | Z114: 0.97155 | AA114: 1.01886 | AB114: 1.05228 | AC114: 1.14769 | AD114: 1.19162 | AE114: 1.07627 | AF114: 1.23735 | AG114: 1.2872 | AH114: 1.37706 | AI114: 1.37677 | AJ114: 1.39476 | AK114: 1.25888 | AL114: 1.48714 | AM114: 1.62109 | AN114: 1.41702 | AO114: 1.68147 | AP114: 1.78827 | AQ114: 1.61545 | AR114: 1.83751 | AS114: 1.88955 | AT114: 1.93505 | AU114: 1.9119 | AV114: 1.82613 | AW114: 2.32105 | AX114: 2.31985 | AY114: 2.351 | AZ114: 2.37996 | BA114: 2.401 | BB114: 2.4443 | BC114: 2.45471 | BD114: 2.4948 | BE114: 2.39719 | BF114: 2.55652 | BG114: 2.54084 | BH114: 2.53544 | BI114: 2.52923 | BJ114: 2.51799 | BK114: 2.51693 | BL114: 2.50452 | BM114: 2.50364 | BN114: 2.49822 | BO114: 2.43203 | BP114: 2.49901 | BQ114: 2.49903 | BR114: 2.49572 | BS114: 2.49573 | BT114: 2.48631 | BW114: 2.47634 | BX114: 2.47636 | BY114: 2.46983 | BZ114: 2.46651 | CA114: 2.46652 | CB114: 2.46654 | CC114: 2.46655 | CD114: 2.46656 | CE114: 2.46658 | CF114: 2.46659 | CG114: 2.46148 | CH114: 2.45595 | CI114: 2.45486 | CJ114: 2.45554 | CK114: 2.45588 | CL114: 2.45589 | CM114: 2.4559 | CN114: 2.45591 | CO114: 2.45592 | CP114: 2.44508 | CQ114: 2.45093 | CS114: 2.43511 | CT114: 2.44171 | CU114: 2.44172 | CV114: 2.44173 | CW114: 2.44028 | CX114: 2.44028 | CY114: 2.42516 | CZ114: 2.42517 | DA114: 2.42964 | DB114: 2.42965 | DC114: 2.33621
A115: =WEEKDAY(B115) -> 2 | B115: 42170 | F115: 0.67 | G115: 0.67205 | H115: 0.69962 | I115: 0.69197 | J115: 0.7057 | K115: 0.76958 | L115: 0.74877 | M115: 0.75186 | N115: 0.66748 | O115: 0.84453 | P115: 0.82037 | Q115: 0.68387 | R115: 0.71852 | S115: 0.80468 | T115: 0.8204 | U115: 0.7256 | V115: 0.764 | W115: 0.8259 | X115: 0.88272 | Y115: 0.98496 | Z115: 0.93089 | AA115: 0.98705 | AB115: 1.00388 | AC115: 1.10694 | AD115: 1.13147 | AE115: 1.03857 | AF115: 1.20811 | AG115: 1.24725 | AH115: 1.33551 | AI115: 1.33789 | AJ115: 1.35826 | AK115: 1.21827 | AL115: 1.45228 | AM115: 1.58044 | AN115: 1.38793 | AO115: 1.64679 | AP115: 1.75406 | AQ115: 1.58147 | AR115: 1.80325 | AS115: 1.85612 | AT115: 1.90094 | AU115: 1.87809 | AV115: 1.79253 | AW115: 2.28455 | AX115: 2.28707 | AY115: 2.32232 | AZ115: 2.34657 | BA115: 2.36759 | BB115: 2.41184 | BC115: 2.42113 | BD115: 2.46175 | BE115: 2.36602 | BF115: 2.52645 | BG115: 2.51088 | BH115: 2.50522 | BI115: 2.49891 | BJ115: 2.48775 | BK115: 2.4866 | BL115: 2.47427 | BM115: 2.4733 | BN115: 2.46807 | BO115: 2.4037 | BP115: 2.46864 | BQ115: 2.46865 | BR115: 2.46534 | BS115: 2.46535 | BT115: 2.45612 | BW115: 2.44614 | BX115: 2.44615 | BY115: 2.43974 | BZ115: 2.43642 | CA115: 2.43642 | CB115: 2.43643 | CC115: 2.43644 | CD115: 2.43645 | CE115: 2.43612 | CF115: 2.43613 | CG115: 2.43072 | CH115: 2.42548 | CI115: 2.42447 | CJ115: 2.42531 | CK115: 2.42599 | CL115: 2.42599 | CM115: 2.426 | CN115: 2.426 | CO115: 2.42601 | CP115: 2.41478 | CQ115: 2.42102 | CS115: 2.41601 | CT115: 2.4048 | CU115: 2.40481 | CV115: 2.40481 | CW115: 2.41089 | CX115: 2.41089 | CY115: 2.42456 | CZ115: 2.39483 | DA115: 2.40338 | DB115: 2.40339 | DC115: 2.3066
A116: =WEEKDAY(B116) -> 3 | B116: 42171 | F116: 0.64755 | G116: 0.66627 | H116: 0.6965 | I116: 0.64658 | J116: 0.70073 | K116: 0.74557 | L116: 0.74231 | M116: 0.7449 | N116: 0.65538 | O116: 0.84108 | P116: 0.81625 | Q116: 0.66605 | R116: 0.70079 | S116: 0.78667 | T116: 0.80258 | U116: 0.70708 | V116: 0.74508 | W116: 0.80853 | X116: 0.8647 | Y116: 0.96101 | Z116: 0.90499 | AA116: 0.96243 | AB116: 0.98884 | AC116: 1.08467 | AD116: 1.13113 | AE116: 1.01635 | AF116: 1.18517 | AG116: 1.22499 | AH116: 1.31341 | AI116: 1.30639 | AJ116: 1.33393 | AK116: 1.19454 | AL116: 1.42883 | AM116: 1.55407 | AN116: 1.35589 | AO116: 1.61593 | AP116: 1.72252 | AQ116: 1.55424 | AR116: 1.77554 | AS116: 1.82876 | AT116: 1.87381 | AU116: 1.8515 | AV116: 1.76455 | AW116: 2.25726 | AX116: 2.25823 | AY116: 2.29479 | AZ116: 2.32001 | BA116: 2.34365 | BB116: 2.3871 | BC116: 2.39717 | BD116: 2.44763 | BE116: 2.342 | BF116: 2.49784 | BG116: 2.48786 | BH116: 2.48421 | BI116: 2.47199 | BJ116: 2.46138 | BK116: 2.46425 | BL116: 2.45759 | BM116: 2.45094 | BN116: 2.44555 | BO116: 2.38364 | BP116: 2.44629 | BQ116: 2.4463 | BR116: 2.44298 | BS116: 2.44299 | BT116: 2.43361 | BW116: 2.42363 | BX116: 2.42364 | BY116: 2.41672 | BZ116: 2.4134 | CA116: 2.4134 | CB116: 2.41341 | CC116: 2.41342 | CD116: 2.41343 | CE116: 2.41243 | CF116: 2.41244 | CG116: 2.40992 | CH116: 2.40312 | CI116: 2.40344 | CJ116: 2.40328 | CK116: 2.40395 | CL116: 2.40396 | CM116: 2.40397 | CN116: 2.40397 | CO116: 2.40398 | CP116: 2.39027 | CQ116: 2.39898 | CS116: 2.39397 | CT116: 2.39398 | CU116: 2.39398 | CV116: 2.39399 | CW116: 2.3728 | CX116: 2.37281 | CY116: 2.38748 | CZ116: 2.38251 | DA116: 2.38059 | DB116: 2.3806 | DC116: 2.28672
... A164: =WEEKDAY(B164) -> 3 | B164: 42241 | F164: 0.23502 | G164: 0.43918 | H164: 0.42053 | I164: 0.36317 | J164: 0.42802 | K164: 0.41879 | L164: 0.4197 | M164: 0.45032 | N164: 0.39064 | O164: 0.54046 | P164: 0.52232 | Q164: 0.40322 | R164: 0.47178 | S164: 0.5366 | T164: 0.56841 | U164: 0.48113 | V164: 0.49987 | W164: 0.55595 | X164: 0.60589 | Y164: 0.6447 | Z164: 0.59646 | AA164: 0.64741 | AB164: 0.68453 | AC164: 0.69279 | AD164: 0.68725 | AE164: 0.5896 | AF164: 0.76439 | AG164: 0.79696 | AH164: 0.93977 | AI164: 0.93237 | AJ164: 0.95162 | AK164: 0.81566 | AL164: 1.04012 | AM164: 1.13703 | AN164: 0.98685 | AO164: 1.20798 | AP164: 1.29783 | AQ164: 1.13052 | AR164: 1.35178 | AS164: 1.40169 | AT164: 1.45922 | AU164: 1.43017 | AV164: 1.35787 | AW164: 1.9273 | AX164: 1.93898 | AY164: 1.97473 | AZ164: 1.99213 | BA164: 2.01415 | BB164: 2.09916 | BC164: 2.13461 | BD164: 2.17643 | BE164: 2.07775 | BF164: 2.23117 | BG164: 2.22119 | BH164: 2.21454 | BI164: 2.20997 | BJ164: 2.20498 | BK164: 2.2 | BL164: 2.1897 | BM164: 2.1926 | BN164: 2.18859 | BO164: 2.14392 | BP164: 2.17973 | BQ164: 2.17974 | BR164: 2.18456 | BS164: 2.18457 | BT164: 2.18458 | BW164: 2.17459 | BX164: 2.1746 | BY164: 2.16961 | BZ164: 2.15981 | CA164: 2.15982 | CB164: 2.15983 | CC164: 2.15871 | CD164: 2.15871 | CE164: 2.15872 | CF164: 2.15873 | CG164: 2.14967 | CH164: 2.15276 | CI164: 2.15487 | CJ164: 2.15487 | CK164: 2.15488 | CL164: 2.15489 | CM164: 2.15489 | CN164: 2.17239 | CO164: 2.15989 | CP164: 2.1549 | CQ164: 2.16241 | CS164: 2.14992 | CT164: 2.14993 | CU164: 2.14993 | CV164: 2.14994 | CW164: 2.14838 | CX164: 2.14838 | CY164: 2.14838 | CZ164: 2.13745 | DA164: 2.13246 | DB164: 2.13246 | DC164: 2.02747
A165: =WEEKDAY(B165) -> 4 | B165: 42242 | F165: 0.06502 | G165: 0.4139 | H165: 0.42927 | I165: 0.3574 | J165: 0.4233 | K165: 0.42877 | L165: 0.45496 | M165: 0.47449 | N165: 0.4201 | O165: 0.55242 | P165: 0.53318 | Q165: 0.42299 | R165: 0.5109 | S165: 0.56782 | T165: 0.59888 | U165: 0.51808 | V165: 0.53779 | W165: 0.58472 | X165: 0.6414 | Y165: 0.71759 | Z165: 0.64419 | AA165: 0.70076 | AB165: 0.73212 | AC165: 0.76771 | AD165: 0.77235 | AE165: 0.6585 | AF165: 0.81588 | AG165: 0.874 | AH165: 1.00476 | AI165: 1.00723 | AJ165: 1.02742 | AK165: 0.8915 | AL165: 1.1118 | AM165: 1.22973 | AN165: 1.07236 | AO165: 1.28959 | AP165: 1.39803 | AQ165: 1.22778 | AR165: 1.4534 | AS165: 1.51062 | AT165: 1.56262 | AU165: 1.54169 | AV165: 1.47254 | AW165: 2.04874 | AX165: 2.06912 | AY165: 2.10107 | AZ165: 2.11044 | BA165: 2.13298 | BB165: 2.21578 | BC165: 2.24003 | BD165: 2.2842 | BE165: 2.19277 | BF165: 2.34234 | BG165: 2.33757 | BH165: 2.33093 | BI165: 2.32541 | BJ165: 2.31204 | BK165: 2.31546 | BL165: 2.30508 | BM165: 2.3051 | BN165: 2.30405 | BO165: 2.25954 | BP165: 2.29514 | BQ165: 2.29515 | BR165: 2.30007 | BS165: 2.30008 | BT165: 2.3001 | BW165: 2.29013 | BX165: 2.29014 | BY165: 2.28516 | BZ165: 2.27528 | CA165: 2.27529 | CB165: 2.2753 | CC165: 2.27425 | CD165: 2.27426 | CE165: 2.27427 | CF165: 2.27428 | CG165: 2.26526 | CH165: 2.26527 | CI165: 2.27038 | CJ165: 2.27039 | CK165: 2.27039 | CL165: 2.2704 | CM165: 2.26031 | CN165: 2.26032 | CO165: 2.25782 | CP165: 2.25783 | CQ165: 2.27045 | CS165: 2.23931 | CT165: 2.23932 | CU165: 2.23933 | CV165: 2.23933 | CW165: 2.23434 | CX165: 2.23435 | CY165: 2.22936 | CZ165: 2.22936 | DA165: 2.22437 | DB165: 2.22438
A166: =WEEKDAY(B166) -> 5 | B166: 42243 | F166: 0.07997 | G166: 0.388 | H166: 0.42626 | I166: 0.45394 | J166: 0.42324 | K166: 0.43079 | L166: 0.4557 | M166: 0.47941 | N166: 0.42538 | O166: 0.55491 | P166: 0.53602 | Q166: 0.44332 | R166: 0.51132 | S166: 0.57647 | T166: 0.58875 | U166: 0.5216 | V166: 0.5428 | W166: 0.58881 | X166: 0.64834 | Y166: 0.70582 | Z166: 0.65865 | AA166: 0.71232 | AB166: 0.74383 | AC166: 0.77026 | AD166: 0.76727 | AE166: 0.67486 | AF166: 0.82915 | AG166: 0.8928 | AH166: 1.01102 | AI166: 1.02422 | AJ166: 1.04055 | AK166: 0.903 | AL166: 1.13383 | AM166: 1.23925 | AN166: 1.08411 | AO166: 1.30288 | AP166: 1.40803 | AQ166: 1.24473 | AR166: 1.46159 | AS166: 1.52147 | AT166: 1.57527 | AU166: 1.56411 | AV166: 1.48342 | AW166: 2.0649 | AX166: 2.04873 | AY166: 2.11384 | AZ166: 2.13012 | BA166: 2.14617 | BB166: 2.22132 | BC166: 2.25325 | BD166: 2.28812 | BE166: 2.2014 | BF166: 2.36219 | BG166: 2.34508 | BH166: 2.34224 | BI166: 2.32727 | BJ166: 2.3173 | BK166: 2.31482 | BL166: 2.30984 | BM166: 2.31554 | BN166: 2.30988 | BO166: 2.26323 | BP166: 2.2999 | BQ166: 2.29991 | BR166: 2.29493 | BS166: 2.29495 | BT166: 2.30751 | BW166: 2.28499 | BX166: 2.28501 | BY166: 2.28502 | BZ166: 2.28004 | CA166: 2.28005 | CB166: 2.28006 | CC166: 2.28007 | CD166: 2.28008 | CE166: 2.2846 | CF166: 2.28461 | CG166: 2.27962 | CH166: 2.27963 | CI166: 2.27249 | CJ166: 2.2725 | CK166: 2.26773 | CL166: 2.26774 | CM166: 2.26775 | CN166: 2.28017 | CO166: 2.2845 | CP166: 2.27519 | CQ166: 2.27787 | CS166: 2.27023 | CT166: 2.27124 | CU166: 2.27124 | CV166: 2.27125 | CW166: 2.26459 | CX166: 2.2646 | CY166: 2.26274 | CZ166: 2.25775 | DA166: 2.25276 | DB166: 2.25277 | DC166: 2.14777
A167: =WEEKDAY(B167) -> 6 | B167: 42244 | F167: 0.10122 | G167: 0.38264 | H167: 0.43274 | I167: 0.38418 | J167: 0.42317 | K167: 0.43789 | L167: 0.4662 | M167: 0.49812 | N167: 0.44333 | O167: 0.5643 | P167: 0.54674 | Q167: 0.4621 | R167: 0.51802 | S167: 0.59382 | T167: 0.60612 | U167: 0.53835 | V167: 0.55864 | W167: 0.60413 | X167: 0.66511 | Y167: 0.7215 | Z167: 0.67242 | AA167: 0.73799 | AB167: 0.75063 | AC167: 0.79471 | AD167: 0.79312 | AE167: 0.68212 | AF167: 0.84227 | AG167: 0.90967 | AH167: 1.03488 | AI167: 1.02789 | AJ167: 1.04728 | AK167: 0.90912 | AL167: 1.13938 | AM167: 1.23685 | AN167: 1.08313 | AO167: 1.30131 | AP167: 1.39812 | AQ167: 1.22994 | AR167: 1.45126 | AS167: 1.50703 | AT167: 1.55983 | AU167: 1.53812 | AV167: 1.46734 | AW167: 2.047 | AX167: 2.05928 | AY167: 2.09093 | AZ167: 2.10722 | BA167: 2.12976 | BB167: 2.20685 | BC167: 2.24045 | BD167: 2.27649 | BE167: 2.18627 | BF167: 2.35044 | BG167: 2.33207 | BH167: 2.32861 | BI167: 2.31077 | BJ167: 2.30079 | BK167: 2.29931 | BL167: 2.29433 | BM167: 2.30319 | BN167: 2.29437 | BO167: 2.24625 | BP167: 2.28439 | BQ167: 2.28441 | BR167: 2.27942 | BS167: 2.29673 | BT167: 2.29674 | BW167: 2.28678 | BX167: 2.2695 | BY167: 2.26951 | BZ167: 2.26453 | CA167: 2.26454 | CB167: 2.26455 | CC167: 2.26456 | CD167: 2.26458 | CE167: 2.28587 | CF167: 2.28588 | CG167: 2.26886 | CH167: 2.26887 | CI167: 2.26388 | CJ167: 2.26389 | CK167: 2.2639 | CL167: 2.26391 | CM167: 2.26392 | CN167: 2.2715 | CO167: 2.26555 | CP167: 2.25855 | CQ167: 2.25934 | CS167: 2.25472 | CT167: 2.25539 | CU167: 2.2554 | CV167: 2.25541 | CW167: 2.24671 | CX167: 2.24672 | CY167: 2.24876 | CZ167: 2.24173 | DA167: 2.23674 | DB167: 2.23675 | DC167: 2.1291
A168: =WEEKDAY(B168) -> 2 | B168: 42247 | F168: 0.41986 | G168: 0.42996 | H168: 0.45111 | I168: 0.48521 | J168: 0.42779 | K168: 0.46564 | L168: 0.48886 | M168: 0.52859 | N168: 0.47104 | O168: 0.59031 | P168: 0.572 | Q168: 0.49683 | R168: 0.552 | S168: 0.61536 | T168: 0.65525 | U168: 0.54167 | V168: 0.57993 | W168: 0.62682 | X168: 0.68586 | Y168: 0.75169 | Z168: 0.69826 | AA168: 0.76803 | AB168: 0.78446 | AC168: 0.81459 | AD168: 0.81123 | AE168: 0.71543 | AF168: 0.87228 | AG168: 0.93518 | AH168: 1.07033 | AI168: 1.063 | AJ168: 1.08257 | AK168: 0.94349 | AL168: 1.16874 | AM168: 1.27253 | AN168: 1.11549 | AO168: 1.33815 | AP168: 1.439 | AQ168: 1.26889 | AR168: 1.49214 | AS168: 1.5519 | AT168: 1.59845 | AU168: 1.60042 | AV168: 1.50915 | AW168: 2.0921 | AX168: 2.10505 | AY168: 2.13535 | AZ168: 2.14892 | BA168: 2.17144 | BB168: 2.24693 | BC168: 2.27894 | BD168: 2.31236 | BE168: 2.22313 | BF168: 2.39028 | BG168: 2.37166 | BH168: 2.36303 | BI168: 2.3489 | BJ168: 2.33892 | BK168: 2.33743 | BL168: 2.33244 | BM168: 2.34888 | BN168: 2.33246 | BO168: 2.28411 | BP168: 2.32248 | BQ168: 2.32249 | BR168: 2.33742 | BS168: 2.33742 | BT168: 2.33743 | BW168: 2.32745 | BX168: 2.34547 | BY168: 2.30755 | BZ168: 2.30256 | CA168: 2.30257 | CB168: 2.30258 | CC168: 2.30258 | CD168: 2.30259 | CE168: 2.31819 | CF168: 2.32553 | CG168: 2.30854 | CH168: 2.31156 | CI168: 2.30356 | CJ168: 2.30356 | CK168: 2.30357 | CL168: 2.30358 | CM168: 2.30358 | CN168: 2.31092 | CO168: 2.30926 | CP168: 2.3011 | CQ168: 2.29863 | CS168: 2.29131 | CT168: 2.29268 | CU168: 2.29368 | CV168: 2.29368 | CW168: 2.28467 | CX168: 2.28467 | CY168: 2.28468 | CZ168: 2.27765 | DA168: 2.27469 | DB168: 2.27469 | DC168: 2.17267
A169: =WEEKDAY(B169) -> 3 | B169: 42248 | G169: 0.43161 | H169: 0.45362 | I169: 0.40118 | J169: 0.42775 | K169: 0.46529 | L169: 0.48354 | M169: 0.51591 | N169: 0.45768 | O169: 0.58755 | P169: 0.56977 | Q169: 0.4721 | R169: 0.53903 | S169: 0.60276 | T169: 0.64329 | U169: 0.54197 | V169: 0.56535 | W169: 0.60988 | X169: 0.67215 | Y169: 0.71042 | Z169: 0.67197 | AA169: 0.72368 | AB169: 0.76472 | AC169: 0.80331 | AD169: 0.77012 | AE169: 0.66822 | AF169: 0.86063 | AG169: 0.90534 | AH169: 1.05831 | AI169: 1.02094 | AJ169: 1.03944 | AK169: 0.89052 | AL169: 1.13767 | AM169: 1.23869 | AN169: 1.07574 | AO169: 1.31102 | AP169: 1.39862 | AQ169: 1.2276 | AR169: 1.44698 | AS169: 1.5023 | AT169: 1.55945 | AU169: 1.57245 | AV169: 1.45805 | AW169: 2.05226 | AX169: 2.05572 | AY169: 2.08483 | AZ169: 2.10522 | BA169: 2.12104 | BB169: 2.21273 | BC169: 2.23794 | BD169: 2.26761 | BE169: 2.18412 | BF169: 2.34601 | BG169: 2.32827 | BH169: 2.31914 | BI169: 2.30581 | BJ169: 2.30662 | BK169: 2.29383 | BL169: 2.29865 | BM169: 2.30421 | BN169: 2.28887 | BO169: 2.24241 | BP169: 2.28868 | BQ169: 2.28869 | BR169: 2.29362 | BS169: 2.29362 | BT169: 2.29363 | BW169: 2.28365 | BX169: 2.29973 | BY169: 2.27869 | BZ169: 2.25896 | CA169: 2.25897 | CB169: 2.25898 | CC169: 2.26547 | CD169: 2.26548 | CE169: 2.27284 | CF169: 2.27285 | CG169: 2.26376 | CH169: 2.26621 | CI169: 2.25878 | CJ169: 2.25878 | CK169: 2.25553 | CL169: 2.25554 | CM169: 2.25555 | CN169: 2.26557 | CO169: 2.26391 | CP169: 2.25631 | CQ169: 2.25396 | CS169: 2.24908 | CT169: 2.24911 | CU169: 2.24911 | CV169: 2.24912 | CW169: 2.23914 | CX169: 2.23914 | CY169: 2.23914 | CZ169: 2.2323 | DA169: 2.22915 | DB169: 2.22916 | DC169: 2.11749
A170: =WEEKDAY(B170) -> 4 | B170: 42249 | G170: 0.35482 | H170: 0.44691 | I170: 0.4647 | J170: 0.42041 | K170: 0.46444 | L170: 0.49753 | M170: 0.51432 | N170: 0.45664 | O170: 0.58809 | P170: 0.56755 | Q170: 0.47179 | R170: 0.52782 | S170: 0.60092 | T170: 0.64187 | U170: 0.51978 | V170: 0.55828 | W170: 0.60445 | X170: 0.66468 | Y170: 0.71849 | Z170: 0.66848 | AA170: 0.72256 | AB170: 0.75293 | AC170: 0.77681 | AD170: 0.77713 | AE170: 0.68221 | AF170: 0.84212 | AG170: 0.91032 | AH170: 1.038 | AI170: 1.03596 | AJ170: 1.05557 | AK170: 0.91417 | AL170: 1.13973 | AM170: 1.24633 | AN170: 1.0897 | AO170: 1.30989 | AP170: 1.41172 | AQ170: 1.24665 | AR170: 1.47386 | AS170: 1.52339 | AT170: 1.58124 | AU170: 1.5659 | AV170: 1.47815 | AW170: 2.05666 | AX170: 2.05619 | AY170: 2.09821 | AZ170: 2.11451 | BA170: 2.13705 | BB170: 2.23283 | BC170: 2.26051 | BD170: 2.2973 | BE170: 2.21175 | BF170: 2.37016 | BG170: 2.35306 | BH170: 2.34386 | BI170: 2.33089 | BJ170: 2.33873 | BK170: 2.31894 | BL170: 2.32351 | BM170: 2.32939 | BN170: 2.31401 | BO170: 2.26795 | BP170: 2.30404 | BQ170: 2.30406 | BR170: 2.31889 | BS170: 2.3189 | BT170: 2.31892 | BW170: 2.30896 | BX170: 2.32503 | BY170: 2.28918 | BZ170: 2.28421 | CA170: 2.28422 | CB170: 2.28424 | CC170: 2.29047 | CD170: 2.29049 | CE170: 2.29785 | CF170: 2.29786 | CG170: 2.28817 | CH170: 2.28819 | CI170: 2.28321 | CJ170: 2.28322 | CK170: 2.28323 | CL170: 2.28324 | CM170: 2.28325 | CN170: 2.28825 | CO170: 2.28229 | CP170: 2.27898 | CQ170: 2.27732 | CS170: 2.27234 | CT170: 2.27445 | CU170: 2.27446 | CV170: 2.27447 | CW170: 2.26701 | CX170: 2.26701 | CY170: 2.26702 | CZ170: 2.26203 | DA170: 2.25704 | DB170: 2.25705 | DC170: 2.14709
A171: =WEEKDAY(B171) -> 5 | B171: 42250 | G171: 0.27974 | H171: 0.43967 | I171: 0.38894 | J171: 0.43 | K171: 0.468 | L171: 0.48914 | M171: 0.45725 | N171: 0.44214 | O171: 0.59427 | P171: 0.5745 | Q171: 0.48657 | R171: 0.54905 | S171: 0.61346 | T171: 0.65313 | U171: 0.53255 | V171: 0.57141 | W171: 0.61742 | X171: 0.67841 | Y171: 0.72703 | Z171: 0.68029 | AA171: 0.73347 | AB171: 0.76447 | AC171: 0.78892 | AD171: 0.80493 | AE171: 0.69515 | AF171: 0.85651 | AG171: 0.91862 | AH171: 1.03638 | AI171: 1.04998 | AJ171: 1.06957 | AK171: 0.9279 | AL171: 1.15396 | AM171: 1.26 | AN171: 1.10135 | AO171: 1.32235 | AP171: 1.41972 | AQ171: 1.2549 | AR171: 1.48201 | AS171: 1.53043 | AT171: 1.58819 | AU171: 1.57251 | AV171: 1.48595 | AW171: 2.0657 | AX171: 2.06538 | AY171: 2.10769 | AZ171: 2.12399 | BA171: 2.14653 | BB171: 2.24639 | BC171: 2.27685 | BD171: 2.30854 | BE171: 2.22538 | BF171: 2.38291 | BG171: 2.36477 | BH171: 2.35544 | BI171: 2.34246 | BJ171: 2.34316 | BK171: 2.33051 | BL171: 2.33522 | BM171: 2.34107 | BN171: 2.32558 | BO171: 2.27797 | BP171: 2.31561 | BQ171: 2.31563 | BR171: 2.32969 | BS171: 2.32971 | BT171: 2.32973 | BW171: 2.31977 | BX171: 2.32611 | BY171: 2.30076 | BZ171: 2.29578 | CA171: 2.29579 | CB171: 2.29581 | CC171: 2.30218 | CD171: 2.3022 | CE171: 2.31023 | CF171: 2.31024 | CG171: 2.30093 | CH171: 2.30361 | CI171: 2.29596 | CJ171: 2.29597 | CK171: 2.29598 | CL171: 2.29599 | CM171: 2.296 | CN171: 2.30335 | CO171: 2.30168 | CP171: 2.29353 | CQ171: 2.29129 | CS171: 2.28406 | CT171: 2.28671 | CU171: 2.28672 | CV171: 2.28673 | CW171: 2.27758 | CX171: 2.27759 | CY171: 2.27759 | CZ171: 2.27014 | DA171: 2.26761 | DB171: 2.26762 | DC171: 2.15515
A172: =WEEKDAY(B172) -> 6 | B172: 42251 | G172: 0.26019 | H172: 0.44822 | I172: 0.47288 | J172: 0.42992 | K172: 0.47474 | L172: 0.49683 | M172: 0.45723 | N172: 0.4421 | O172: 0.60048 | P172: 0.5827 | Q172: 0.50255 | R172: 0.55719 | S172: 0.62509 | T172: 0.66517 | U172: 0.56106 | V172: 0.57853 | W172: 0.62535 | X172: 0.68639 | Y172: 0.75494 | Z172: 0.68304 | AA172: 0.7357 | AB172: 0.75843 | AC172: 0.78665 | AD172: 0.80159 | AE172: 0.69815 | AF172: 0.85401 | AG172: 0.91571 | AH172: 1.02839 | AI172: 1.04779 | AJ172: 1.06429 | AK172: 0.9205 | AL172: 1.14904 | AM172: 1.24764 | AN172: 1.08636 | AO172: 1.30727 | AP172: 1.39856 | AQ172: 1.24046 | AR172: 1.46086 | AS172: 1.50492 | AT172: 1.56298 | AU172: 1.54747 | AV172: 1.46165 | AW172: 2.04097 | AX172: 2.04015 | AY172: 2.08145 | AZ172: 2.09775 | BA172: 2.13256 | BB172: 2.223 | BC172: 2.25453 | BD172: 2.28487 | BE172: 2.20487 | BF172: 2.35976 | BG172: 2.34221 | BH172: 2.33917 | BI172: 2.32011 | BJ172: 2.31014 | BK172: 2.30816 | BL172: 2.30319 | BM172: 2.31268 | BN172: 2.30324 | BO172: 2.26007 | BP172: 2.29326 | BQ172: 2.29328 | BR172: 2.30751 | BS172: 2.30753 | BT172: 2.30755 | BW172: 2.29759 | BX172: 2.2976 | BY172: 2.27841 | BZ172: 2.27343 | CA172: 2.27344 | CB172: 2.27346 | CC172: 2.27347 | CD172: 2.27349 | CE172: 2.28273 | CF172: 2.28274 | CG172: 2.27777 | CH172: 2.27778 | CI172: 2.26972 | CJ172: 2.26973 | CK172: 2.27283 | CL172: 2.27284 | CM172: 2.27285 | CN172: 2.27785 | CO172: 2.27144 | CP172: 2.26538 | CQ172: 2.26647 | CS172: 2.26149 | CT172: 2.26367 | CU172: 2.26368 | CV172: 2.26369 | CW172: 2.26034 | CX172: 2.26034 | CY172: 2.26035 | CZ172: 2.25369 | DA172: 2.24869 | DB172: 2.2487 | DC172: 2.14124
A173: =WEEKDAY(B173) -> 3 | B173: 42255 | G173: 0.33518 | H173: 0.46255 | I173: 0.38628 | J173: 0.43729 | K173: 0.48342 | L173: 0.51594 | M173: 0.46107 | N173: 0.44545 | O173: 0.60527 | P173: 0.58224 | Q173: 0.50428 | R173: 0.55749 | S173: 0.62506 | T173: 0.66451 | U173: 0.56018 | V173: 0.58276 | W173: 0.62573 | X173: 0.68831 | Y173: 0.7445 | Z173: 0.69772 | AA173: 0.75062 | AB173: 0.7915 | AC173: 0.80803 | AD173: 0.80935 | AE173: 0.71592 | AF173: 0.87601 | AG173: 0.93873 | AH173: 1.05362 | AI173: 1.06927 | AJ173: 1.08303 | AK173: 0.94325 | AL173: 1.18127 | AM173: 1.27597 | AN173: 1.11561 | AO173: 1.34408 | AP173: 1.45024 | AQ173: 1.27279 | AR173: 1.49742 | AS173: 1.54577 | AT173: 1.60207 | AU173: 1.6005 | AV173: 1.50586 | AW173: 2.083 | AX173: 2.08323 | AY173: 2.12214 | AZ173: 2.13472 | BA173: 2.16732 | BB173: 2.25356 | BC173: 2.28541 | BD173: 2.33021 | BE173: 2.24767 | BF173: 2.40383 | BG173: 2.38669 | BH173: 2.38337 | BI173: 2.36445 | BJ173: 2.35447 | BK173: 2.35248 | BL173: 2.34749 | BM173: 2.35709 | BN173: 2.34752 | BO173: 2.3035 | BP173: 2.33753 | BQ173: 2.33754 | BR173: 2.35242 | BS173: 2.35243 | BT173: 2.35244 | BW173: 2.34246 | BX173: 2.34247 | BY173: 2.3375 | BZ173: 2.31761 | CA173: 2.31762 | CB173: 2.31763 | CC173: 2.31764 | CD173: 2.31764 | CE173: 2.32656 | CF173: 2.32657 | CG173: 2.31266 | CH173: 2.3216 | CI173: 2.31395 | CJ173: 2.31396 | CK173: 2.31662 | CL173: 2.31663 | CM173: 2.31663 | CN173: 2.32163 | CO173: 2.31564 | CP173: 2.31233 | CQ173: 2.31066 | CS173: 2.30568 | CT173: 2.30774 | CU173: 2.30774 | CV173: 2.30774 | CW173: 2.30075 | CX173: 2.30075 | CY173: 2.30341 | CZ173: 2.29576 | DA173: 2.29076 | DB173: 2.29077 | DC173: 2.18178
A174: =WEEKDAY(B174) -> 4 | B174: 42256 | G174: 0.20456 | H174: 0.46413 | I174: 0.47941 | J174: 0.43207 | K174: 0.4864 | L174: 0.50866 | M174: 0.45844 | N174: 0.44413 | O174: 0.60853 | P174: 0.58587 | Q174: 0.52551 | R174: 0.576 | S174: 0.64483 | T174: 0.68314 | U174: 0.59462 | V174: 0.6173 | W174: 0.66075 | X174: 0.72238 | Y174: 0.78835 | Z174: 0.71742 | AA174: 0.77142 | AB174: 0.8035 | AC174: 0.83606 | AD174: 0.82566 | AE174: 0.72964 | AF174: 0.89124 | AG174: 0.95513 | AH174: 1.0673 | AI174: 1.08231 | AJ174: 1.09857 | AK174: 0.94171 | AL174: 1.19431 | AM174: 1.28698 | AN174: 1.12415 | AO174: 1.34767 | AP174: 1.44832 | AQ174: 1.27877 | AR174: 1.50933 | AS174: 1.55414 | AT174: 1.61153 | AU174: 1.6011 | AV174: 1.5137 | AW174: 2.10614 | AX174: 2.09471 | AY174: 2.13286 | AZ174: 2.14915 | BA174: 2.17969 | BB174: 2.26296 | BC174: 2.29112 | BD174: 2.3312 | BE174: 2.2522 | BF174: 2.41805 | BG174: 2.40085 | BH174: 2.39775 | BI174: 2.37846 | BJ174: 2.36849 | BK174: 2.36651 | BL174: 2.36153 | BM174: 2.37097 | BN174: 2.36157 | BO174: 2.31759 | BP174: 2.35159 | BQ174: 2.35161 | BR174: 2.36576 | BS174: 2.36578 | BT174: 2.36579 | BW174: 2.35583 | BX174: 2.35584 | BY174: 2.33671 | BZ174: 2.33173 | CA174: 2.33175 | CB174: 2.33176 | CC174: 2.33177 | CD174: 2.33178 | CE174: 2.34095 | CF174: 2.34096 | CG174: 2.33599 | CH174: 2.336 | CI174: 2.33101 | CJ174: 2.33102 | CK174: 2.33103 | CL174: 2.33104 | CM174: 2.33105 | CN174: 2.33605 | CO174: 2.32966 | CP174: 2.32635 | CQ174: 2.32469 | CS174: 2.31971 | CT174: 2.32194 | CU174: 2.32194 | CV174: 2.32195 | CW174: 2.31496 | CX174: 2.31497 | CY174: 2.3173 | CZ174: 2.30998 | DA174: 2.30499 | DB174: 2.305 | DC174: 2.19569
A175: =WEEKDAY(B175) -> 5 | B175: 42257 | G175: 0.06333 | H175: 0.4617 | I175: 0.39138 | J175: 0.43199 | K175: 0.48727 | L175: 0.51189 | M175: 0.45842 | N175: 0.44236 | O175: 0.60987 | P175: 0.58856 | Q175: 0.53995 | R175: 0.58188 | S175: 0.65229 | T175: 0.69124 | U175: 0.59169 | V175: 0.63209 | W175: 0.67461 | X175: 0.73603 | Y175: 0.73547 | Z175: 0.72375 | AA175: 0.77568 | AB175: 0.80773 | AC175: 0.83302 | AD175: 0.8362 | AE175: 0.72635 | AF175: 0.89218 | AG175: 0.94971 | AH175: 1.06273 | AI175: 1.07948 | AJ175: 1.10285 | AK175: 0.93804 | AL175: 1.18489 | AM175: 1.28681 | AN175: 1.12276 | AO175: 1.35095 | AP175: 1.45077 | AQ175: 1.27947 | AR175: 1.50202 | AS175: 1.55337 | AT175: 1.6126 | AU175: 1.60734 | AV175: 1.51461 | AW175: 2.09517 | AX175: 2.09329 | AY175: 2.13323 | AZ175: 2.14543 | BA175: 2.18091 | BB175: 2.26718 | BC175: 2.30145 | BD175: 2.33976 | BE175: 2.25823 | BF175: 2.42298 | BG175: 2.40542 | BH175: 2.40338 | BI175: 2.38232 | BJ175: 2.37235 | BK175: 2.37036 | BL175: 2.36539 | BM175: 2.37554 | BN175: 2.36543 | BO175: 2.32393 | BP175: 2.35545 | BQ175: 2.35547 | BR175: 2.37069 | BS175: 2.3707 | BT175: 2.37072 | BW175: 2.36075 | BX175: 2.36076 | BY175: 2.3558 | BZ175: 2.33559 | CA175: 2.3356 | CB175: 2.33562 | CC175: 2.33563 | CD175: 2.33564 | CE175: 2.36087 | CF175: 2.36088 | CG175: 2.33067 | CH175: 2.34092 | CI175: 2.33594 | CJ175: 2.33595 | CK175: 2.33596 | CL175: 2.33597 | CM175: 2.33598 | CN175: 2.34098 | CO175: 2.33849 | CP175: 2.33351 | CQ175: 2.32926 | CS175: 2.32429 | CT175: 2.32429 | CU175: 2.3258 | CV175: 2.32581 | CW175: 2.32247 | CX175: 2.32248 | CY175: 2.32248 | CZ175: 2.31583 | DA175: 2.31083 | DB175: 2.31083 | DC175: 2.20337
A176: =WEEKDAY(B176) -> 6 | B176: 42258 | G176: 0.03911 | H176: 0.4599 | I176: 0.48107 | J176: 0.43192 | K176: 0.4851 | L176: 0.49779 | M176: 0.4584 | N176: 0.44229 | O176: 0.60778 | P176: 0.58842 | Q176: 0.53352 | R176: 0.58432 | S176: 0.6555 | T176: 0.69351 | U176: 0.58556 | V176: 0.6263 | W176: 0.66977 | X176: 0.73044 | Y176: 0.75752 | Z176: 0.71722 | AA176: 0.77094 | AB176: 0.79447 | AC176: 0.82083 | AD176: 0.80747 | AE176: 0.7144 | AF176: 0.87903 | AG176: 0.93611 | AH176: 1.06435 | AI176: 1.06762 | AJ176: 1.09039 | AK176: 0.9252 | AL176: 1.1718 | AM176: 1.27152 | AN176: 1.10651 | AO176: 1.33378 | AP176: 1.43783 | AQ176: 1.26191 | AR176: 1.48503 | AS176: 1.53552 | AT176: 1.59462 | AU176: 1.5894 | AV176: 1.49634 | AW176: 2.08198 | AX176: 2.07555 | AY176: 2.11807 | AZ176: 2.13436 | BA176: 2.16575 | BB176: 2.24164 | BC176: 2.28246 | BD176: 2.31463 | BE176: 2.23128 | BF176: 2.39873 | BG176: 2.38108 | BH176: 2.37823 | BI176: 2.35781 | BJ176: 2.34783 | BK176: 2.34485 | BL176: 2.33988 | BM176: 2.34987 | BN176: 2.33991 | BO176: 2.29523 | BP176: 2.32994 | BQ176: 2.32995 | BR176: 2.34494 | BS176: 2.34495 | BT176: 2.34497 | BW176: 2.335 | BX176: 2.33501 | BY176: 2.31506 | BZ176: 2.31008 | CA176: 2.31009 | CB176: 2.3101 | CC176: 2.31011 | CD176: 2.31013 | CE176: 2.32012 | CF176: 2.32014 | CG176: 2.31516 | CH176: 2.31517 | CI176: 2.31019 | CJ176: 2.3102 | CK176: 2.31021 | CL176: 2.31022 | CM176: 2.31023 | CN176: 2.31523 | CO176: 2.31273 | CP176: 2.30525 | CQ176: 2.30359 | CS176: 2.29861 | CT176: 2.30028 | CU176: 2.30029 | CV176: 2.3003 | CW176: 2.29324 | CX176: 2.29325 | CY176: 2.29561 | CZ176: 2.28827 | DA176: 2.28327 | DB176: 2.28328 | DC176: 2.17081
A177: =WEEKDAY(B177) -> 2 | B177: 42261 | G177: 0.17143 | H177: 0.47042 | I177: 0.49409 | J177: 0.43701 | K177: 0.48901 | L177: 0.51138 | M177: 0.46101 | N177: 0.44436 | O177: 0.61194 | P177: 0.58934 | Q177: 0.5419 | R177: 0.58086 | S177: 0.65188 | T177: 0.68962 | U177: 0.57505 | V177: 0.61584 | W177: 0.66056 | X177: 0.72144 | Y177: 0.77262 | Z177: 0.70091 | AA177: 0.75451 | AB177: 0.7764 | AC177: 0.80398 | AD177: 0.79183 | AE177: 0.69837 | AF177: 0.86229 | AG177: 0.91942 | AH177: 1.04844 | AI177: 1.05091 | AJ177: 1.06674 | AK177: 0.91136 | AL177: 1.15666 | AM177: 1.25484 | AN177: 1.09217 | AO177: 1.32043 | AP177: 1.41971 | AQ177: 1.24002 | AR177: 1.46689 | AS177: 1.51576 | AT177: 1.57477 | AU177: 1.57015 | AV177: 1.47897 | AW177: 2.05577 | AX177: 2.05378 | AY177: 2.09757 | AZ177: 2.11206 | BA177: 2.1432 | BB177: 2.22576 | BC177: 2.25816 | BD177: 2.30036 | BE177: 2.20926 | BF177: 2.37997 | BG177: 2.36222 | BH177: 2.35911 | BI177: 2.33874 | BJ177: 2.32876 | BK177: 2.32577 | BL177: 2.32079 | BM177: 2.33062 | BN177: 2.32081 | BO177: 2.27551 | BP177: 2.31082 | BQ177: 2.31083 | BR177: 2.32558 | BS177: 2.32559 | BT177: 2.3256 | BW177: 2.31562 | BX177: 2.33319 | BY177: 2.29589 | BZ177: 2.29091 | CA177: 2.29091 | CB177: 2.29092 | CC177: 2.29093 | CD177: 2.29093 | CE177: 2.30579 | CF177: 2.30579 | CG177: 2.29573 | CH177: 2.29573 | CI177: 2.29074 | CJ177: 2.29075 | CK177: 2.29076 | CL177: 2.29076 | CM177: 2.29077 | CN177: 2.29577 | CO177: 2.29327 | CP177: 2.28585 | CQ177: 2.28419 | CS177: 2.27921 | CT177: 2.28103 | CU177: 2.28103 | CV177: 2.28104 | CW177: 2.27407 | CX177: 2.27407 | CY177: 2.2764 | CZ177: 2.26908 | DA177: 2.26409 | DB177: 2.26409 | DC177: 2.1501
A178: =WEEKDAY(B178) -> 3 | B178: 42262 | H178: 0.48418 | I178: 0.42425 | J178: 0.43696 | K178: 0.50719 | L178: 0.52389 | M178: 0.46099 | N178: 0.45913 | O178: 0.60804 | P178: 0.61176 | Q178: 0.57236 | R178: 0.62141 | S178: 0.69211 | T178: 0.73037 | U178: 0.62012 | V178: 0.66124 | W178: 0.70522 | X178: 0.76626 | Y178: 0.84477 | Z178: 0.76932 | AA178: 0.83816 | AB178: 0.85718 | AC178: 0.89197 | AD178: 0.88178 | AE178: 0.78837 | AF178: 0.94712 | AG178: 1.002 | AH178: 1.12924 | AI178: 1.14529 | AJ178: 1.16178 | AK178: 1.00616 | AL178: 1.25701 | AM178: 1.35862 | AN178: 1.19538 | AO178: 1.41977 | AP178: 1.52981 | AQ178: 1.35782 | AR178: 1.59043 | AS178: 1.63202 | AT178: 1.69151 | AU178: 1.68237 | AV178: 1.59213 | AW178: 2.16927 | AX178: 2.16252 | AY178: 2.20743 | AZ178: 2.22126 | BA178: 2.25342 | BB178: 2.32716 | BC178: 2.35972 | BD178: 2.40001 | BE178: 2.31178 | BF178: 2.48008 | BG178: 2.46204 | BH178: 2.45952 | BI178: 2.4375 | BJ178: 2.42751 | BK178: 2.42402 | BL178: 2.41904 | BM178: 2.42911 | BN178: 2.41906 | BO178: 2.37739 | BP178: 2.40908 | BQ178: 2.40909 | BR178: 2.42419 | BS178: 2.4242 | BT178: 2.42421 | BW178: 2.41423 | BX178: 2.41424 | BY178: 2.40927 | BZ178: 2.38917 | CA178: 2.38917 | CB178: 2.38918 | CC178: 2.38919 | CD178: 2.3892 | CE178: 2.39932 | CF178: 2.39932 | CG178: 2.38421 | CH178: 2.39435 | CI178: 2.38937 | CJ178: 2.38937 | CK178: 2.38938 | CL178: 2.38938 | CM178: 2.38939 | CN178: 2.39439 | CO178: 2.39189 | CP178: 2.38191 | CQ178: 2.37941 | CS178: 2.37692 | CT178: 2.38595 | CU178: 2.38595 | CV178: 2.37443 | CW178: 2.3793 | CX178: 2.36459 | CY178: 2.37931 | CZ178: 2.36445 | DA178: 2.3496 | DB178: 2.34961
A179: =WEEKDAY(B179) -> 4 | B179: 42263 | H179: 0.49029 | I179: 0.50245 | J179: 0.4325 | K179: 0.52927 | L179: 0.538 | M179: 0.45929 | N179: 0.45828 | O179: 0.61877 | P179: 0.66057 | Q179: 0.61059 | R179: 0.64779 | S179: 0.71811 | T179: 0.75697 | U179: 0.66999 | V179: 0.6923 | W179: 0.73638 | X179: 0.79722 | Y179: 0.87452 | Z179: 0.79897 | AA179: 0.85306 | AB179: 0.88638 | AC179: 0.92137 | AD179: 0.928 | AE179: 0.81965 | AF179: 0.9764 | AG179: 1.04129 | AH179: 1.15551 | AI179: 1.17575 | AJ179: 1.19085 | AK179: 1.04639 | AL179: 1.28004 | AM179: 1.38943 | AN179: 1.22417 | AO179: 1.45656 | AP179: 1.55904 | AQ179: 1.36946 | AR179: 1.60626 | AS179: 1.65494 | AT179: 1.71542 | AU179: 1.70053 | AV179: 1.61535 | AW179: 2.18541 | AX179: 2.18309 | AY179: 2.22811 | AZ179: 2.24338 | BA179: 2.282 | BB179: 2.35372 | BC179: 2.37377 | BD179: 2.41853 | BE179: 2.32967 | BF179: 2.50344 | BG179: 2.48471 | BH179: 2.47524 | BI179: 2.45879 | BJ179: 2.46077 | BK179: 2.44534 | BL179: 2.45182 | BM179: 2.45795 | BN179: 2.4404 | BO179: 2.39904 | BP179: 2.43043 | BQ179: 2.43044 | BR179: 2.44765 | BS179: 2.44766 | BT179: 2.44768 | BW179: 2.43771 | BX179: 2.45577 | BY179: 2.43277 | BZ179: 2.41057 | CA179: 2.41059 | CB179: 2.4106 | CC179: 2.41061 | CD179: 2.41062 | CE179: 2.43587 | CF179: 2.43588 | CG179: 2.41789 | CH179: 2.42082 | CI179: 2.41292 | CJ179: 2.41293 | CK179: 2.41294 | CL179: 2.41295 | CM179: 2.41296 | CN179: 2.41797 | CO179: 2.41547 | CP179: 2.41548 | CQ179: 2.41457 | CS179: 2.40393 | CT179: 2.40294 | CU179: 2.40429 | CV179: 2.4043 | CW179: 2.39931 | CX179: 2.39931 | CY179: 2.39932 | CZ179: 2.39132 | DA179: 2.39433 | DB179: 2.39433 | DC179: 2.27521
A180: =WEEKDAY(B180) -> 5 | B180: 42264 | H180: 0.4693 | I180: 0.49658 | J180: 0.46054 | K180: 0.50016 | L180: 0.50624 | M180: 0.54601 | N180: 0.50973 | O180: 0.56596 | P180: 0.59832 | Q180: 0.56739 | R180: 0.60944 | S180: 0.6779 | T180: 0.72142 | U180: 0.62954 | V180: 0.65172 | W180: 0.6948 | X180: 0.75859 | Y180: 0.76568 | Z180: 0.75411 | AA180: 0.80744 | AB180: 0.83936 | AC180: 0.86815 | AD180: 0.85467 | AE180: 0.76074 | AF180: 0.92645 | AG180: 0.97255 | AH180: 1.08851 | AI180: 1.11827 | AJ180: 1.13294 | AK180: 0.97564 | AL180: 1.22229 | AM180: 1.33406 | AN180: 1.16656 | AO180: 1.39319 | AP180: 1.50608 | AQ180: 1.32036 | AR180: 1.56298 | AS180: 1.6029 | AT180: 1.66189 | AU180: 1.64095 | AV180: 1.55615 | AW180: 2.14035 | AX180: 2.13351 | AY180: 2.1734 | AZ180: 2.19993 | BA180: 2.22989 | BB180: 2.30571 | BC180: 2.33117 | BD180: 2.39093 | BE180: 2.28558 | BF180: 2.461 | BG180: 2.44613 | BH180: 2.44947 | BI180: 2.43358 | BJ180: 2.41291 | BK180: 2.42363 | BL180: 2.40346 | BM180: 2.41866 | BN180: 2.40349 | BO180: 2.35561 | BP180: 2.39352 | BQ180: 2.39353 | BR180: 2.40873 | BS180: 2.40875 | BT180: 2.40877 | BW180: 2.3988 | BX180: 2.39881 | BY180: 2.39384 | BZ180: 2.38884 | CA180: 2.38886 | CB180: 2.38887 | CC180: 2.3737 | CD180: 2.36872 | CE180: 2.37891 | CF180: 2.37892 | CG180: 2.36375 | CH180: 2.37396 | CI180: 2.36898 | CJ180: 2.36899 | CK180: 2.369 | CL180: 2.36901 | CM180: 2.36902 | CN180: 2.37402 | CO180: 2.36153 | CP180: 2.36154 | CQ180: 2.36563 | CS180: 2.36066 | CT180: 2.36387 | CU180: 2.36686 | CV180: 2.36687 | CW180: 2.36355 | CX180: 2.36356 | CY180: 2.3609 | CZ180: 2.3559 | DA180: 2.35591 | DB180: 2.35592 | DC180: 2.23562
A181: =WEEKDAY(B181) -> 6 | B181: 42265 | H181: 0.45918 | I181: 0.49114 | J181: 0.46045 | K181: 0.49003 | L181: 0.49737 | M181: 0.54599 | N181: 0.50962 | O181: 0.56084 | P181: 0.58812 | Q181: 0.53406 | R181: 0.58743 | S181: 0.65203 | T181: 0.69567 | U181: 0.6051 | V181: 0.62843 | W181: 0.67375 | X181: 0.73524 | Y181: 0.75979 | Z181: 0.72115 | AA181: 0.7766 | AB181: 0.80867 | AC181: 0.82703 | AD181: 0.80588 | AE181: 0.70648 | AF181: 0.88908 | AG181: 0.93606 | AH181: 1.06407 | AI181: 1.05896 | AJ181: 1.09493 | AK181: 0.91756 | AL181: 1.1736 | AM181: 1.27897 | AN181: 1.10179 | AO181: 1.33554 | AP181: 1.42992 | AQ181: 1.24608 | AR181: 1.48775 | AS181: 1.52882 | AT181: 1.588 | AU181: 1.57845 | AV181: 1.48556 | AW181: 2.07058 | AX181: 2.05865 | AY181: 2.10183 | AZ181: 2.13827 | BA181: 2.15404 | BB181: 2.23184 | BC181: 2.26035 | BD181: 2.31448 | BE181: 2.21519 | BF181: 2.38824 | BG181: 2.38314 | BH181: 2.38029 | BI181: 2.35408 | BJ181: 2.36071 | BK181: 2.35574 | BL181: 2.33465 | BM181: 2.35077 | BN181: 2.33468 | BO181: 2.28627 | BP181: 2.32471 | BQ181: 2.32472 | BR181: 2.34084 | BS181: 2.34086 | BT181: 2.34087 | BW181: 2.3309 | BX181: 2.34543 | BY181: 2.32595 | BZ181: 2.32095 | CA181: 2.32096 | CB181: 2.32097 | CC181: 2.30488 | CD181: 2.2999 | CE181: 2.32553 | CF181: 2.32554 | CG181: 2.29493 | CH181: 2.30606 | CI181: 2.30108 | CJ181: 2.30109 | CK181: 2.3011 | CL181: 2.30111 | CM181: 2.30112 | CN181: 2.30612 | CO181: 2.30363 | CP181: 2.30363 | CQ181: 2.30057 | CS181: 2.29246 | CT181: 2.29672 | CU181: 2.29672 | CV181: 2.29673 | CW181: 2.29008 | CX181: 2.29009 | CY181: 2.29009 | CZ181: 2.28509 | DA181: 2.2851 | DB181: 2.28511 | DC181: 2.16548
A182: =WEEKDAY(B182) -> 2 | B182: 42268 | H182: 0.49636 | I182: 0.44127 | J182: 0.45139 | K182: 0.51631 | L182: 0.54952 | M182: 0.52437 | N182: 0.49966 | O182: 0.55345 | P182: 0.61375 | Q182: 0.59692 | R182: 0.6601 | S182: 0.71564 | T182: 0.75971 | U182: 0.6743 | V182: 0.69511 | W182: 0.73898 | X182: 0.80197 | Y182: 0.80582 | Z182: 0.79119 | AA182: 0.84509 | AB182: 0.87701 | AC182: 0.89035 | AD182: 0.87785 | AE182: 0.78519 | AF182: 0.94966 | AG182: 0.99176 | AH182: 1.11878 | AI182: 1.14488 | AJ182: 1.16112 | AK182: 0.99657 | AL182: 1.24179 | AM182: 1.34753 | AN182: 1.18456 | AO182: 1.4096 | AP182: 1.51413 | AQ182: 1.33349 | AR182: 1.56131 | AS182: 1.61127 | AT182: 1.67074 | AU182: 1.65414 | AV182: 1.57266 | AW182: 2.13653 | AX182: 2.13404 | AY182: 2.17811 | AZ182: 2.21095 | BA182: 2.23431 | BB182: 2.30534 | BC182: 2.32952 | BD182: 2.3855 | BE182: 2.2845 | BF182: 2.46195 | BG182: 2.45197 | BH182: 2.45055 | BI182: 2.434 | BJ182: 2.42901 | BK182: 2.42403 | BL182: 2.40378 | BM182: 2.41904 | BN182: 2.4038 | BO182: 2.3537 | BP182: 2.40907 | BQ182: 2.40908 | BR182: 2.40909 | BS182: 2.4091 | BT182: 2.40911 | BW182: 2.39913 | BX182: 2.39913 | BY182: 2.39416 | BZ182: 2.38915 | CA182: 2.38916 | CB182: 2.38917 | CC182: 2.37393 | CD182: 2.36894 | CE182: 2.37919 | CF182: 2.3792 | CG182: 2.37422 | CH182: 2.36396 | CI182: 2.36924 | CJ182: 2.36925 | CK182: 2.36925 | CL182: 2.36926 | CM182: 2.36926 | CN182: 2.37426 | CO182: 2.37176 | CP182: 2.37177 | CQ182: 2.36937 | CS182: 2.36087 | CT182: 2.36602 | CU182: 2.36603 | CV182: 2.36603 | CW182: 2.35954 | CX182: 2.35954 | CY182: 2.35955 | CZ182: 2.35455 | DA182: 2.35455 | DB182: 2.35456 | DC182: 2.23475
A183: =WEEKDAY(B183) -> 3 | B183: 42269 | H183: 0.48803 | I183: 0.51859 | J183: 0.47587 | K183: 0.50867 | L183: 0.52773 | M183: 0.53923 | N183: 0.50704 | O183: 0.56863 | P183: 0.60386 | Q183: 0.57356 | R183: 0.6247 | S183: 0.69013 | T183: 0.734 | U183: 0.64587 | V183: 0.66924 | W183: 0.71431 | X183: 0.77527 | Y183: 0.83384 | Z183: 0.75956 | AA183: 0.81536 | AB183: 0.83818 | AC183: 0.85038 | AD183: 0.84136 | AE183: 0.7494 | AF183: 0.90966 | AG183: 0.95228 | AH183: 1.07709 | AI183: 1.0956 | AJ183: 1.11898 | AK183: 0.9536 | AL183: 1.19995 | AM183: 1.3042 | AN183: 1.13634 | AO183: 1.35392 | AP183: 1.45307 | AQ183: 1.27274 | AR183: 1.50025 | AS183: 1.5492 | AT183: 1.6085 | AU183: 1.58518 | AV183: 1.51164 | AW183: 2.07524 | AX183: 2.07451 | AY183: 2.11823 | AZ183: 2.14963 | BA183: 2.17343 | BB183: 2.24104 | BC183: 2.26618 | BD183: 2.3216 | BE183: 2.22026 | BF183: 2.40043 | BG183: 2.3852 | BH183: 2.38722 | BI183: 2.36221 | BJ183: 2.3599 | BK183: 2.36055 | BL183: 2.35026 | BM183: 2.35556 | BN183: 2.34277 | BO183: 2.29143 | BP183: 2.33279 | BQ183: 2.3328 | BR183: 2.34561 | BS183: 2.34561 | BT183: 2.34562 | BW183: 2.33564 | BX183: 2.33565 | BY183: 2.33067 | BZ183: 2.32567 | CA183: 2.32568 | CB183: 2.32568 | CC183: 2.31289 | CD183: 2.3079 | CE183: 2.31766 | CF183: 2.31767 | CG183: 2.31269 | CH183: 2.31269 | CI183: 2.3077 | CJ183: 2.30771 | CK183: 2.30771 | CL183: 2.30772 | CM183: 2.30773 | CN183: 2.31272 | CO183: 2.30548 | CP183: 2.30548 | CQ183: 2.3071 | CS183: 2.30298 | CT183: 2.30432 | CU183: 2.30432 | CV183: 2.30433 | CW183: 2.29653 | CX183: 2.29654 | CY183: 2.29654 | CZ183: 2.29154 | DA183: 2.29155 | DB183: 2.29155 | DC183: 2.17305
A184: =WEEKDAY(B184) -> 4 | B184: 42270 | H184: 0.48176 | I184: 0.42406 | J184: 0.46969 | K184: 0.51279 | L184: 0.53867 | M184: 0.53602 | N184: 0.50545 | O184: 0.56977 | P184: 0.60863 | Q184: 0.60016 | R184: 0.64403 | S184: 0.70539 | T184: 0.75114 | U184: 0.66354 | V184: 0.6861 | W184: 0.73291 | X184: 0.79279 | Y184: 0.81704 | Z184: 0.77381 | AA184: 0.83001 | AB184: 0.8529 | AC184: 0.8641 | AD184: 0.85748 | AE184: 0.76602 | AF184: 0.92341 | AG184: 0.97668 | AH184: 1.09692 | AI184: 1.11635 | AJ184: 1.13199 | AK184: 0.96576 | AL184: 1.21289 | AM184: 1.31142 | AN184: 1.14569 | AO184: 1.36631 | AP184: 1.45031 | AQ184: 1.27542 | AR184: 1.49973 | AS184: 1.55191 | AT184: 1.61147 | AU184: 1.58549 | AV184: 1.51142 | AW184: 2.07553 | AX184: 2.07299 | AY184: 2.11878 | AZ184: 2.14882 | BA184: 2.17219 | BB184: 2.24066 | BC184: 2.26956 | BD184: 2.32258 | BE184: 2.22458 | BF184: 2.40575 | BG184: 2.39048 | BH184: 2.39086 | BI184: 2.37186 | BJ184: 2.36521 | BK184: 2.36592 | BL184: 2.35559 | BM184: 2.36095 | BN184: 2.348 | BO184: 2.29702 | BP184: 2.33802 | BQ184: 2.33804 | BR184: 2.35102 | BS184: 2.35104 | BT184: 2.35105 | BW184: 2.34108 | BX184: 2.3411 | BY184: 2.33613 | BZ184: 2.33113 | CA184: 2.31818 | CB184: 2.31819 | CC184: 2.3182 | CD184: 2.31322 | CE184: 2.32315 | CF184: 2.32316 | CG184: 2.31819 | CH184: 2.3182 | CI184: 2.31321 | CJ184: 2.31322 | CK184: 2.31323 | CL184: 2.31324 | CM184: 2.31325 | CN184: 2.32194 | CO184: 2.32028 | CP184: 2.32029 | CQ184: 2.30734 | CS184: 2.30835 | CT184: 2.30541 | CU184: 2.30542 | CV184: 2.30543 | CW184: 2.30044 | CX184: 2.30045 | CY184: 2.30045 | CZ184: 2.2854 | DA184: 2.29546 | DB184: 2.29547 | DC184: 2.17748
A185: =WEEKDAY(B185) -> 5 | B185: 42271 | H185: 0.47387 | I185: 0.50111 | J185: 0.46475 | K185: 0.50599 | L185: 0.54641 | M185: 0.52614 | N185: 0.49869 | O185: 0.56595 | P185: 0.61404 | Q185: 0.57415 | R185: 0.63189 | S185: 0.69087 | T185: 0.73687 | U185: 0.6468 | V185: 0.66997 | W185: 0.71641 | X185: 0.77692 | Y185: 0.83522 | Z185: 0.76043 | AA185: 0.81636 | AB185: 0.8476 | AC185: 0.85822 | AD185: 0.85024 | AE185: 0.75826 | AF185: 0.91606 | AG185: 0.97553 | AH185: 1.09164 | AI185: 1.10847 | AJ185: 1.13262 | AK185: 0.96043 | AL185: 1.21238 | AM185: 1.29426 | AN185: 1.12973 | AO185: 1.34594 | AP185: 1.43822 | AQ185: 1.2596 | AR185: 1.48258 | AS185: 1.52942 | AT185: 1.58696 | AU185: 1.57748 | AV185: 1.49512 | AW185: 2.05623 | AX185: 2.05515 | AY185: 2.0978 | AZ185: 2.1362 | BA185: 2.15347 | BB185: 2.22282 | BC185: 2.25086 | BD185: 2.3052 | BE185: 2.2041 | BF185: 2.38076 | BG185: 2.37505 | BH185: 2.37281 | BI185: 2.35184 | BJ185: 2.35161 | BK185: 2.34665 | BL185: 2.34166 | BM185: 2.34168 | BN185: 2.32746 | BO185: 2.27635 | BP185: 2.31749 | BQ185: 2.3175 | BR185: 2.33175 | BS185: 2.33176 | BT185: 2.33178 | BW185: 2.32181 | BX185: 2.32182 | BY185: 2.31685 | BZ185: 2.31185 | CA185: 2.31187 | CB185: 2.31188 | CC185: 2.29766 | CD185: 2.29268 | CE185: 2.30289 | CF185: 2.3029 | CG185: 2.29793 | CH185: 2.29794 | CI185: 2.29295 | CJ185: 2.29296 | CK185: 2.29297 | CL185: 2.29298 | CM185: 2.29299 | CN185: 2.29799 | CO185: 2.2955 | CP185: 2.2955 | CQ185: 2.29239 | CS185: 2.28782 | CT185: 2.28915 | CU185: 2.28916 | CV185: 2.28916 | CW185: 2.28186 | CX185: 2.28186 | CY185: 2.28187 | CZ185: 2.2671 | DA185: 2.27688 | DB185: 2.27689 | DC185: 2.15792
A186: =WEEKDAY(B186) -> 6 | B186: 42272 | H186: 0.48774 | I186: 0.51259 | J186: 0.45981 | K186: 0.52118 | L186: 0.56342 | M186: 0.53597 | N186: 0.50348 | O186: 0.61124 | P186: 0.64675 | Q186: 0.61786 | R186: 0.66364 | S186: 0.72537 | T186: 0.75811 | U186: 0.68625 | V186: 0.70812 | W186: 0.75452 | X186: 0.81569 | Y186: 0.87511 | Z186: 0.79987 | AA186: 0.85574 | AB186: 0.87627 | AC186: 0.90873 | AD186: 0.89764 | AE186: 0.80427 | AF186: 0.96587 | AG186: 1.03508 | AH186: 1.14728 | AI186: 1.16752 | AJ186: 1.18515 | AK186: 1.01743 | AL186: 1.26309 | AM186: 1.35446 | AN186: 1.18849 | AO186: 1.40944 | AP186: 1.4999 | AQ186: 1.32652 | AR186: 1.54845 | AS186: 1.59663 | AT186: 1.65494 | AU186: 1.63622 | AV186: 1.5613 | AW186: 2.11787 | AX186: 2.11663 | AY186: 2.16091 | AZ186: 2.19232 | BA186: 2.21705 | BB186: 2.27894 | BC186: 2.30787 | BD186: 2.36068 | BE186: 2.25854 | BF186: 2.43856 | BG186: 2.43288 | BH186: 2.43061 | BI186: 2.40931 | BJ186: 2.40895 | BK186: 2.40398 | BL186: 2.39899 | BM186: 2.39901 | BN186: 2.39404 | BO186: 2.33445 | BP186: 2.3752 | BQ186: 2.37521 | BR186: 2.38908 | BS186: 2.3891 | BT186: 2.38911 | BW186: 2.37915 | BX186: 2.37916 | BY186: 2.37419 | BZ186: 2.36919 | CA186: 2.36921 | CB186: 2.36922 | CC186: 2.36424 | CD186: 2.3504 | CE186: 2.35926 | CF186: 2.35927 | CG186: 2.35429 | CH186: 2.3543 | CI186: 2.34932 | CJ186: 2.34933 | CK186: 2.34934 | CL186: 2.34935 | CM186: 2.34936 | CN186: 2.35436 | CO186: 2.34807 | CP186: 2.34808 | CQ186: 2.34944 | CS186: 2.34554 | CT186: 2.34655 | CU186: 2.34656 | CV186: 2.34656 | CW186: 2.33958 | CX186: 2.33958 | CY186: 2.33959 | CZ186: 2.33459 | DA186: 2.3346 | DB186: 2.33461 | DC186: 2.21531
A187: =WEEKDAY(B187) -> 2 | B187: 42275 | H187: 0.49488 | I187: 0.52362 | J187: 0.46571 | K187: 0.51504 | L187: 0.55305 | M187: 0.54013 | N187: 0.50637 | O187: 0.60789 | P187: 0.62042 | Q187: 0.58387 | R187: 0.62004 | S187: 0.69163 | T187: 0.72476 | U187: 0.64194 | V187: 0.66425 | W187: 0.70914 | X187: 0.7711 | Y187: 0.77136 | Z187: 0.75487 | AA187: 0.80953 | AB187: 0.83115 | AC187: 0.84398 | AD187: 0.83322 | AE187: 0.7413 | AF187: 0.90396 | AG187: 0.95976 | AH187: 1.07838 | AI187: 1.09302 | AJ187: 1.11907 | AK187: 0.94831 | AL187: 1.19349 | AM187: 1.2762 | AN187: 1.11468 | AO187: 1.3294 | AP187: 1.41084 | AQ187: 1.23631 | AR187: 1.45884 | AS187: 1.50226 | AT187: 1.55328 | AU187: 1.54543 | AV187: 1.46914 | AW187: 2.02808 | AX187: 2.02676 | AY187: 2.06981 | AZ187: 2.10832 | BA187: 2.12711 | BB187: 2.19936 | BC187: 2.22582 | BD187: 2.28865 | BE187: 2.18311 | BF187: 2.36 | BG187: 2.35581 | BH187: 2.35269 | BI187: 2.33534 | BJ187: 2.33035 | BK187: 2.32537 | BL187: 2.32037 | BM187: 2.32475 | BN187: 2.31541 | BO187: 2.25415 | BP187: 2.2945 | BQ187: 2.31042 | BR187: 2.31042 | BS187: 2.31043 | BT187: 2.31044 | BW187: 2.30046 | BX187: 2.30047 | BY187: 2.29549 | BZ187: 2.29049 | CA187: 2.2905 | CB187: 2.2905 | CC187: 2.28552 | CD187: 2.26962 | CE187: 2.27955 | CF187: 2.27956 | CG187: 2.26463 | CH187: 2.27459 | CI187: 2.2696 | CJ187: 2.26961 | CK187: 2.26962 | CL187: 2.26962 | CM187: 2.26963 | CN187: 2.27463 | CO187: 2.27213 | CP187: 2.27213 | CQ187: 2.26915 | CS187: 2.2647 | CT187: 2.26538 | CU187: 2.26539 | CV187: 2.26539 | CW187: 2.25872 | CX187: 2.25872 | CY187: 2.25873 | CZ187: 2.25372 | DA187: 2.25373 | DB187: 2.25373 | DC187: 2.13411
A188: =WEEKDAY(B188) -> 3 | B188: 42276 | H188: 0.49319 | I188: 0.43615 | J188: 0.46565 | K188: 0.51351 | L188: 0.55186 | M188: 0.54012 | N188: 0.50634 | O188: 0.60625 | P188: 0.61909 | Q188: 0.58288 | R188: 0.61852 | S188: 0.68995 | T188: 0.72315 | U188: 0.64042 | V188: 0.6619 | W188: 0.70704 | X188: 0.7694 | Y188: 0.82686 | Z188: 0.75019 | AA188: 0.80602 | AB188: 0.82605 | AC188: 0.8404 | AD188: 0.83044 | AE188: 0.73937 | AF188: 0.89883 | AG188: 0.96207 | AH188: 1.07263 | AI188: 1.08671 | AJ188: 1.1144 | AK188: 0.9578 | AL188: 1.18821 | AM188: 1.2683 | AN188: 1.11301 | AO188: 1.32804 | AP188: 1.40712 | AQ188: 1.23262 | AR188: 1.45144 | AS188: 1.4948 | AT188: 1.54582 | AU188: 1.53543 | AV188: 1.4616 | AW188: 2.02362 | AX188: 2.02234 | AY188: 2.06555 | AZ188: 2.09695 | BA188: 2.12137 | BB188: 2.19469 | BC188: 2.22471 | BD188: 2.28163 | BE188: 2.17707 | BF188: 2.35311 | BG188: 2.34313 | BH188: 2.34449 | BI188: 2.32216 | BJ188: 2.3155 | BK188: 2.31551 | BL188: 2.30519 | BM188: 2.31052 | BN188: 2.29766 | BO188: 2.24689 | BP188: 2.28767 | BQ188: 2.28768 | BR188: 2.30056 | BS188: 2.30057 | BT188: 2.30058 | BW188: 2.2906 | BX188: 2.29061 | BY188: 2.28563 | BZ188: 2.28063 | CA188: 2.26776 | CB188: 2.26777 | CC188: 2.26778 | CD188: 2.26279 | CE188: 2.2726 | CF188: 2.27261 | CG188: 2.26762 | CH188: 2.26763 | CI188: 2.26264 | CJ188: 2.26264 | CK188: 2.26265 | CL188: 2.26265 | CM188: 2.26266 | CN188: 2.26765 | CO188: 2.26515 | CP188: 2.26516 | CQ188: 2.2571 | CS188: 2.25786 | CT188: 2.25541 | CU188: 2.25541 | CV188: 2.25542 | CW188: 2.25043 | CX188: 2.25043 | CY188: 2.25043 | CZ188: 2.24543 | DA188: 2.24543 | DB188: 2.24544 | DC188: 2.12726
A189: =WEEKDAY(B189) -> 4 | B189: 42277 | H189: 0.4867 | I189: 0.50288 | J189: 0.44964 | K189: 0.51613 | L189: 0.53454 | M189: 0.53684 | N189: 0.50471 | O189: 0.60594 | P189: 0.63939 | Q189: 0.60087 | R189: 0.63633 | S189: 0.70965 | T189: 0.74214 | U189: 0.62739 | V189: 0.6704 | W189: 0.71429 | X189: 0.77527 | Y189: 0.82178 | Z189: 0.75007 | AA189: 0.80497 | AB189: 0.82676 | AC189: 0.87204 | AD189: 0.85526 | AE189: 0.75985 | AF189: 0.92545 | AG189: 0.98757 | AH189: 1.13277 | AI189: 1.119 | AJ189: 1.1456 | AK189: 0.97609 | AL189: 1.21961 | AM189: 1.29858 | AN189: 1.14332 | AO189: 1.36071 | AP189: 1.43 | AQ189: 1.25156 | AR189: 1.47507 | AS189: 1.51192 | AT189: 1.56982 | AU189: 1.56776 | AV189: 1.47992 | AW189: 2.05157 | AX189: 2.0493 | AY189: 2.09166 | AZ189: 2.12328 | BA189: 2.14379 | BB189: 2.21894 | BC189: 2.2455 | BD189: 2.31014 | BE189: 2.20059 | BF189: 2.38282 | BG189: 2.37732 | BH189: 2.3742 | BI189: 2.35157 | BJ189: 2.35039 | BK189: 2.34542 | BL189: 2.34043 | BM189: 2.34045 | BN189: 2.33067 | BO189: 2.27405 | BP189: 2.31707 | BQ189: 2.31709 | BR189: 2.33052 | BS189: 2.33054 | BT189: 2.33055 | BW189: 2.32059 | BX189: 2.3206 | BY189: 2.31562 | BZ189: 2.31063 | CA189: 2.31064 | CB189: 2.31065 | CC189: 2.30568 | CD189: 2.29227 | CE189: 2.28728 | CF189: 2.28729 | CG189: 2.29475 | CH189: 2.29476 | CI189: 2.28978 | CJ189: 2.28979 | CK189: 2.2898 | CL189: 2.2898 | CM189: 2.28981 | CN189: 2.29481 | CO189: 2.28932 | CP189: 2.28933 | CQ189: 2.29439 | CS189: 2.28741 | CT189: 2.28776 | CU189: 2.28777 | CV189: 2.28777 | CW189: 2.28094 | CX189: 2.28095 | CY189: 2.28095 | CZ189: 2.27595 | DA189: 2.27596 | DB189: 2.27596 | DC189: 2.15801
A190: =WEEKDAY(B190) -> 5 | B190: 42278 | H190: 0.47889 | I190: 0.51005 | J190: 0.44954 | K190: 0.51421 | L190: 0.5565 | M190: 0.53682 | N190: 0.50277 | O190: 0.60755 | P190: 0.6385 | Q190: 0.60075 | R190: 0.64507 | S190: 0.70768 | T190: 0.74073 | U190: 0.64309 | V190: 0.66556 | W190: 0.71038 | X190: 0.7707 | Y190: 0.79372 | Z190: 0.75029 | AA190: 0.80661 | AB190: 0.8297 | AC190: 0.86478 | AD190: 0.85055 | AE190: 0.75861 | AF190: 0.9183 | AG190: 0.98103 | AH190: 1.0953 | AI190: 1.10638 | AJ190: 1.13629 | AK190: 0.98066 | AL190: 1.21028 | AM190: 1.28341 | AN190: 1.13125 | AO190: 1.34036 | AP190: 1.40423 | AQ190: 1.23391 | AR190: 1.4493 | AS190: 1.48858 | AT190: 1.53962 | AU190: 1.53309 | AV190: 1.46141 | AW190: 2.03334 | AX190: 2.03118 | AY190: 2.07638 | AZ190: 2.10128 | BA190: 2.13147 | BB190: 2.20662 | BC190: 2.23406 | BD190: 2.29666 | BE190: 2.18585 | BF190: 2.37596 | BG190: 2.36043 | BH190: 2.36121 | BI190: 2.33882 | BJ190: 2.33217 | BK190: 2.33115 | BL190: 2.32054 | BM190: 2.33098 | BN190: 2.31725 | BO190: 2.26234 | BP190: 2.30245 | BQ190: 2.30246 | BR190: 2.31625 | BS190: 2.31626 | BT190: 2.31628 | BW190: 2.30631 | BX190: 2.30632 | BY190: 2.30135 | BZ190: 2.29635 | CA190: 2.2826 | CB190: 2.29638 | CC190: 2.28262 | CD190: 2.27764 | CE190: 2.28836 | CF190: 2.28837 | CG190: 2.28339 | CH190: 2.2834 | CI190: 2.27842 | CJ190: 2.27843 | CK190: 2.27844 | CL190: 2.27845 | CM190: 2.27846 | CN190: 2.28011 | CO190: 2.27761 | CP190: 2.27762 | CQ190: 2.2687 | CS190: 2.26942 | CT190: 2.26373 | CU190: 2.26206 | CV190: 2.26207 | CW190: 2.25269 | CX190: 2.2527 | CY190: 2.2502 | CZ190: 2.25661 | DA190: 2.25446 | DB190: 2.25446 | DC190: 2.14338
... A230: =WEEKDAY(B230) -> 2 | B230: 42338 | H230: 0.25252 | I230: 0.22002 | J230: 0.52707 | K230: 0.5521 | L230: 0.57899 | M230: 0.60826 | N230: 0.5536 | O230: 0.65715 | P230: 0.64287 | Q230: 0.70492 | R230: 0.74398 | S230: 0.80112 | T230: 0.82717 | U230: 0.763 | V230: 0.78737 | W230: 0.83034 | X230: 0.88837 | Y230: 0.91942 | Z230: 0.87877 | AA230: 0.92742 | AB230: 0.9506 | AC230: 0.94553 | AD230: 0.95046 | AE230: 0.85452 | AF230: 1.05447 | AG230: 1.06289 | AH230: 1.16252 | AI230: 1.18723 | AJ230: 1.22174 | AK230: 1.05684 | AL230: 1.30645 | AM230: 1.40158 | AN230: 1.24128 | AO230: 1.47404 | AP230: 1.54334 | AQ230: 1.36521 | AR230: 1.5916 | AS230: 1.64045 | AT230: 1.69347 | AU230: 1.69981 | AV230: 1.59564 | AW230: 2.14868 | AX230: 2.13091 | AY230: 2.19461 | AZ230: 2.23037 | BA230: 2.25119 | BB230: 2.30077 | BC230: 2.34578 | BD230: 2.4014 | BE230: 2.29928 | BF230: 2.46419 | BG230: 2.45422 | BH230: 2.43089 | BI230: 2.42825 | BJ230: 2.42725 | BK230: 2.40561 | BL230: 2.40729 | BM230: 2.40231 | BN230: 2.39565 | BO230: 2.33433 | BP230: 2.39232 | BQ230: 2.38733 | BR230: 2.38234 | BS230: 2.38235 | BT230: 2.39734 | BW230: 2.37238 | BX230: 2.37239 | BY230: 2.3724 | BZ230: 2.3824 | CA230: 2.37743 | CB230: 2.37743 | CC230: 2.3691 | CD230: 2.37245 | CE230: 2.37246 | CF230: 2.37247 | CG230: 2.36747 | CH230: 2.37397 | CI230: 2.37397 | CJ230: 2.37398 | CK230: 2.36248 | CL230: 2.36249 | CM230: 2.36249 | CN230: 2.35751 | CO230: 2.34503 | CP230: 2.34503 | CQ230: 2.34918 | CS230: 2.3442 | CT230: 2.34753 | CU230: 2.35054 | CV230: 2.35054 | CW230: 2.34722 | CX230: 2.34722 | CY230: 2.34456 | CZ230: 2.33957 | DA230: 2.33957 | DB230: 2.33958 | DC230: 2.2226
A231: =WEEKDAY(B231) -> 3 | B231: 42339 | J231: 0.52687 | K231: 0.54958 | L231: 0.55779 | M231: 0.60824 | N231: 0.55303 | O231: 0.66115 | P231: 0.63645 | Q231: 0.6721 | R231: 0.71208 | S231: 0.76927 | T231: 0.79456 | U231: 0.73102 | V231: 0.75624 | W231: 0.79966 | X231: 0.85746 | Y231: 0.87954 | Z231: 0.84171 | AA231: 0.89193 | AB231: 0.92124 | AC231: 0.89996 | AD231: 0.90307 | AE231: 0.80706 | AF231: 1.00648 | AG231: 1.02282 | AH231: 1.13255 | AI231: 1.14199 | AJ231: 1.1784 | AK231: 1.00557 | AL231: 1.25531 | AM231: 1.34401 | AN231: 1.188 | AO231: 1.41384 | AP231: 1.46491 | AQ231: 1.29111 | AR231: 1.51804 | AS231: 1.56339 | AT231: 1.61978 | AU231: 1.62448 | AV231: 1.52269 | AW231: 2.07183 | AX231: 2.05347 | AY231: 2.11731 | AZ231: 2.15287 | BA231: 2.17442 | BB231: 2.21565 | BC231: 2.26753 | BD231: 2.3274 | BE231: 2.23324 | BF231: 2.40401 | BG231: 2.39469 | BH231: 2.37493 | BI231: 2.36861 | BJ231: 2.36872 | BK231: 2.34642 | BL231: 2.34815 | BM231: 2.34317 | BN231: 2.33646 | BO231: 2.27811 | BP231: 2.32802 | BQ231: 2.32803 | BR231: 2.32305 | BS231: 2.32306 | BT231: 2.3382 | BW231: 2.31308 | BX231: 2.31309 | BY231: 2.3131 | BZ231: 2.32824 | CA231: 2.32327 | CB231: 2.32328 | CC231: 2.3183 | CD231: 2.3183 | CE231: 2.32631 | CF231: 2.32632 | CG231: 2.30833 | CH231: 2.31616 | CI231: 2.31617 | CJ231: 2.31617 | CK231: 2.30334 | CL231: 2.30334 | CM231: 2.30335 | CN231: 2.29837 | CO231: 2.28588 | CP231: 2.28589 | CQ231: 2.28998 | CS231: 2.2809 | CT231: 2.28823 | CU231: 2.28823 | CV231: 2.28824 | CW231: 2.28858 | CX231: 2.28858 | CY231: 2.28859 | CZ231: 2.28126 | DA231: 2.28127 | DB231: 2.28127 | DC231: 2.16341
A232: =WEEKDAY(B232) -> 4 | B232: 42340 | J232: 0.51539 | K232: 0.55065 | L232: 0.57063 | M232: 0.60467 | N232: 0.55413 | O232: 0.66075 | P232: 0.65443 | Q232: 0.6945 | R232: 0.73262 | S232: 0.7884 | T232: 0.8145 | U232: 0.74821 | V232: 0.77411 | W232: 0.81891 | X232: 0.87616 | Y232: 0.93239 | Z232: 0.86354 | AA232: 0.91389 | AB232: 0.94284 | AC232: 0.92543 | AD232: 0.92758 | AE232: 0.83318 | AF232: 1.03074 | AG232: 1.04849 | AH232: 1.15345 | AI232: 1.16445 | AJ232: 1.19996 | AK232: 1.02808 | AL232: 1.27761 | AM232: 1.35559 | AN232: 1.20154 | AO232: 1.42698 | AP232: 1.48606 | AQ232: 1.3097 | AR232: 1.53136 | AS232: 1.58364 | AT232: 1.6389 | AU232: 1.63367 | AV232: 1.53478 | AW232: 2.08841 | AX232: 2.06935 | AY232: 2.13201 | AZ232: 2.16746 | BA232: 2.19417 | BB232: 2.24213 | BC232: 2.28329 | BD232: 2.32846 | BE232: 2.23562 | BF232: 2.40302 | BG232: 2.3934 | BH232: 2.37375 | BI232: 2.36653 | BJ232: 2.36155 | BK232: 2.34482 | BL232: 2.3461 | BM232: 2.34113 | BN232: 2.33488 | BO232: 2.27529 | BP232: 2.33616 | BQ232: 2.33618 | BR232: 2.32242 | BS232: 2.32244 | BT232: 2.3362 | BW232: 2.31249 | BX232: 2.3125 | BY232: 2.31252 | BZ232: 2.32627 | CA232: 2.30754 | CB232: 2.30755 | CC232: 2.31634 | CD232: 2.31635 | CE232: 2.32388 | CF232: 2.3239 | CG232: 2.30639 | CH232: 2.31514 | CI232: 2.31515 | CJ232: 2.31516 | CK232: 2.30141 | CL232: 2.30142 | CM232: 2.30143 | CN232: 2.28647 | CO232: 2.28398 | CP232: 2.28399 | CQ232: 2.28855 | CS232: 2.27901 | CT232: 2.28773 | CU232: 2.29108 | CV232: 2.29109 | CW232: 2.28777 | CX232: 2.28778 | CY232: 2.29029 | CZ232: 2.2803 | DA232: 2.28031 | DB232: 2.28032 | DC232: 2.16285
A233: =WEEKDAY(B233) -> 5 | B233: 42341 | J233: 0.56979 | K233: 0.562 | L233: 0.59144 | M233: 0.63211 | N233: 0.56559 | O233: 0.67034 | P233: 0.66916 | Q233: 0.72728 | R233: 0.76605 | S233: 0.82388 | T233: 0.84902 | U233: 0.78704 | V233: 0.81279 | W233: 0.8729 | X233: 0.91399 | Y233: 0.92246 | Z233: 0.91377 | AA233: 0.96321 | AB233: 0.98593 | AC233: 0.99466 | AD233: 1.0006 | AE233: 0.9048 | AF233: 1.09344 | AG233: 1.11914 | AH233: 1.23656 | AI233: 1.2406 | AJ233: 1.27504 | AK233: 1.11187 | AL233: 1.35841 | AM233: 1.45003 | AN233: 1.29194 | AO233: 1.52047 | AP233: 1.60631 | AQ233: 1.41854 | AR233: 1.64178 | AS233: 1.69928 | AT233: 1.75234 | AU233: 1.75451 | AV233: 1.64527 | AW233: 2.19186 | AX233: 2.17411 | AY233: 2.23636 | AZ233: 2.27796 | BA233: 2.29452 | BB233: 2.34035 | BC233: 2.38075 | BD233: 2.43551 | BE233: 2.33967 | BF233: 2.5041 | BG233: 2.49447 | BH233: 2.47488 | BI233: 2.46808 | BJ233: 2.4631 | BK233: 2.44491 | BL233: 2.44665 | BM233: 2.44168 | BN233: 2.43497 | BO233: 2.37464 | BP233: 2.42654 | BQ233: 2.42656 | BR233: 2.42158 | BS233: 2.42159 | BT233: 2.43675 | BW233: 2.41165 | BX233: 2.41166 | BY233: 2.41167 | BZ233: 2.42682 | CA233: 2.42186 | CB233: 2.40671 | CC233: 2.4169 | CD233: 2.41691 | CE233: 2.42543 | CF233: 2.42544 | CG233: 2.40695 | CH233: 2.41529 | CI233: 2.4153 | CJ233: 2.41531 | CK233: 2.387 | CL233: 2.38701 | CM233: 2.38702 | CN233: 2.39703 | CO233: 2.38454 | CP233: 2.38455 | CQ233: 2.38206 | CS233: 2.37958 | CT233: 2.37959 | CU233: 2.38691 | CV233: 2.3771 | CW233: 2.38793 | CX233: 2.38794 | CY233: 2.38794 | CZ233: 2.38096 | DA233: 2.38097 | DB233: 2.37114 | DC233: 2.262
A234: =WEEKDAY(B234) -> 6 | B234: 42342 | J234: 0.55053 | K234: 0.55249 | L234: 0.57121 | M234: 0.62225 | N234: 0.56045 | O234: 0.65967 | P234: 0.65276 | Q234: 0.69432 | R234: 0.73441 | S234: 0.79219 | T234: 0.81708 | U234: 0.7581 | V234: 0.78393 | W234: 0.82836 | X234: 0.88503 | Y234: 0.95073 | Z234: 0.88171 | AA234: 0.93246 | AB234: 0.96491 | AC234: 0.95418 | AD234: 0.95585 | AE234: 0.86084 | AF234: 1.05896 | AG234: 1.07766 | AH234: 1.18471 | AI234: 1.18821 | AJ234: 1.22305 | AK234: 1.0592 | AL234: 1.30666 | AM234: 1.39448 | AN234: 1.23706 | AO234: 1.46309 | AP234: 1.55308 | AQ234: 1.37139 | AR234: 1.5936 | AS234: 1.64921 | AT234: 1.70453 | AU234: 1.70091 | AV234: 1.59729 | AW234: 2.15093 | AX234: 2.13129 | AY234: 2.19524 | AZ234: 2.23566 | BA234: 2.25825 | BB234: 2.30721 | BC234: 2.35196 | BD234: 2.39397 | BE234: 2.3026 | BF234: 2.47237 | BG234: 2.4624 | BH234: 2.43795 | BI234: 2.43654 | BJ234: 2.4358 | BK234: 2.41351 | BL234: 2.41561 | BM234: 2.41064 | BN234: 2.40358 | BO234: 2.34112 | BP234: 2.39444 | BQ234: 2.39446 | BR234: 2.38948 | BS234: 2.3895 | BT234: 2.4057 | BW234: 2.37955 | BX234: 2.37956 | BY234: 2.37958 | BZ234: 2.39577 | CA234: 2.39081 | CB234: 2.39083 | CC234: 2.38586 | CD234: 2.38587 | CE234: 2.39338 | CF234: 2.3934 | CG234: 2.37591 | CH234: 2.38218 | CI234: 2.38219 | CJ234: 2.38221 | CK234: 2.37094 | CL234: 2.37095 | CM234: 2.37096 | CN234: 2.36598 | CO234: 2.3535 | CP234: 2.35351 | CQ234: 2.35725 | CS234: 2.34854 | CT234: 2.35229 | CU234: 2.35481 | CV234: 2.35482 | CW234: 2.35283 | CX234: 2.35284 | CY234: 2.35517 | CZ234: 2.34785 | DA234: 2.34786 | DB234: 2.34787 | DC234: 2.23023
A235: =WEEKDAY(B235) -> 2 | B235: 42345 | J235: 0.56417 | K235: 0.54479 | L235: 0.55884 | M235: 0.62786 | N235: 0.56482 | O235: 0.65837 | P235: 0.64873 | Q235: 0.67459 | R235: 0.71282 | S235: 0.77084 | T235: 0.79678 | U235: 0.72852 | V235: 0.75349 | W235: 0.81393 | X235: 0.85532 | Y235: 0.91913 | Z235: 0.84981 | AA235: 0.9005 | AB235: 0.92762 | AC235: 0.91426 | AD235: 0.91613 | AE235: 0.82083 | AF235: 1.00537 | AG235: 1.04286 | AH235: 1.14268 | AI235: 1.15314 | AJ235: 1.18836 | AK235: 1.01752 | AL235: 1.26486 | AM235: 1.34896 | AN235: 1.19455 | AO235: 1.42305 | AP235: 1.49316 | AQ235: 1.3063 | AR235: 1.53364 | AS235: 1.58611 | AT235: 1.64315 | AU235: 1.63485 | AV235: 1.53672 | AW235: 2.09153 | AX235: 2.07213 | AY235: 2.13445 | AZ235: 2.17017 | BA235: 2.20216 | BB235: 2.24768 | BC235: 2.28105 | BD235: 2.34143 | BE235: 2.24161 | BF235: 2.41131 | BG235: 2.40067 | BH235: 2.37639 | BI235: 2.37534 | BJ235: 2.37404 | BK235: 2.35239 | BL235: 2.35438 | BM235: 2.3494 | BN235: 2.34243 | BO235: 2.28196 | BP235: 2.34441 | BQ235: 2.34442 | BR235: 2.3285 | BS235: 2.32851 | BT235: 2.34442 | BW235: 2.31854 | BX235: 2.31855 | BY235: 2.31856 | BZ235: 2.33446 | CA235: 2.31357 | CB235: 2.3295 | CC235: 2.32452 | CD235: 2.33605 | CE235: 2.33106 | CF235: 2.33107 | CG235: 2.31456 | CH235: 2.32014 | CI235: 2.32014 | CJ235: 2.32015 | CK235: 2.30957 | CL235: 2.30957 | CM235: 2.30958 | CN235: 2.3046 | CO235: 2.29211 | CP235: 2.29211 | CQ235: 2.29595 | CS235: 2.29097 | CT235: 2.29368 | CU235: 2.29369 | CV235: 2.29369 | CW235: 2.29072 | CX235: 2.29073 | CY235: 2.29339 | CZ235: 2.28573 | DA235: 2.28574 | DB235: 2.28574 | DC235: 2.16875
A236: =WEEKDAY(B236) -> 3 | B236: 42346 | J236: 0.54368 | K236: 0.53931 | L236: 0.57782 | M236: 0.59718 | N236: 0.54909 | O236: 0.64723 | P236: 0.63769 | Q236: 0.64385 | R236: 0.67959 | S236: 0.74251 | T236: 0.76783 | U236: 0.70225 | V236: 0.718 | W236: 0.77121 | X236: 0.8294 | Y236: 0.86479 | Z236: 0.82174 | AA236: 0.87108 | AB236: 0.89942 | AC236: 0.89093 | AD236: 0.89063 | AE236: 0.79616 | AF236: 0.99622 | AG236: 1.01346 | AH236: 1.11774 | AI236: 1.12363 | AJ236: 1.16144 | AK236: 0.995 | AL236: 1.24307 | AM236: 1.33186 | AN236: 1.17382 | AO236: 1.39729 | AP236: 1.48516 | AQ236: 1.31377 | AR236: 1.5257 | AS236: 1.58317 | AT236: 1.64007 | AU236: 1.63075 | AV236: 1.53591 | AW236: 2.09115 | AX236: 2.07237 | AY236: 2.13551 | AZ236: 2.16992 | BA236: 2.19661 | BB236: 2.24577 | BC236: 2.29591 | BD236: 2.33614 | BE236: 2.24247 | BF236: 2.41619 | BG236: 2.40621 | BH236: 2.38287 | BI236: 2.38025 | BJ236: 2.37991 | BK236: 2.3576 | BL236: 2.35929 | BM236: 2.35431 | BN236: 2.34764 | BO236: 2.28859 | BP236: 2.3393 | BQ236: 2.33931 | BR236: 2.33432 | BS236: 2.33433 | BT236: 2.34933 | BW236: 2.32436 | BX236: 2.32437 | BY236: 2.32438 | BZ236: 2.33938 | CA236: 2.31939 | CB236: 2.33441 | CC236: 2.32944 | CD236: 2.32944 | CE236: 2.33695 | CF236: 2.33696 | CG236: 2.31946 | CH236: 2.32694 | CI236: 2.32695 | CJ236: 2.32695 | CK236: 2.31447 | CL236: 2.31448 | CM236: 2.31449 | CN236: 2.30951 | CO236: 2.29702 | CP236: 2.29702 | CQ236: 2.30117 | CS236: 2.29204 | CT236: 2.29951 | CU236: 2.29951 | CV236: 2.29952 | CW236: 2.29986 | CX236: 2.29986 | CY236: 2.29986 | CZ236: 2.29254 | DA236: 2.29254 | DB236: 2.29255 | DC236: 2.17459
A237: =WEEKDAY(B237) -> 4 | B237: 42347 | J237: 0.53066 | K237: 0.52739 | L237: 0.56983 | M237: 0.5926 | N237: 0.54713 | O237: 0.64002 | P237: 0.62563 | Q237: 0.61715 | R237: 0.65607 | S237: 0.71337 | T237: 0.73954 | U237: 0.6654 | V237: 0.69177 | W237: 0.73611 | X237: 0.79308 | Y237: 0.85874 | Z237: 0.78934 | AA237: 0.83909 | AB237: 0.86714 | AC237: 0.86346 | AD237: 0.86405 | AE237: 0.76841 | AF237: 0.96684 | AG237: 0.98667 | AH237: 1.07068 | AI237: 1.09363 | AJ237: 1.12924 | AK237: 0.96808 | AL237: 1.21357 | AM237: 1.30101 | AN237: 1.14908 | AO237: 1.3731 | AP237: 1.46168 | AQ237: 1.28983 | AR237: 1.51558 | AS237: 1.56437 | AT237: 1.61992 | AU237: 1.61395 | AV237: 1.51133 | AW237: 2.07045 | AX237: 2.05879 | AY237: 2.12194 | AZ237: 2.15783 | BA237: 2.18454 | BB237: 2.23408 | BC237: 2.28151 | BD237: 2.33165 | BE237: 2.23363 | BF237: 2.41124 | BG237: 2.40065 | BH237: 2.38454 | BI237: 2.37618 | BJ237: 2.3712 | BK237: 2.35371 | BL237: 2.35576 | BM237: 2.35078 | BN237: 2.33982 | BO237: 2.28752 | BP237: 2.34581 | BQ237: 2.34583 | BR237: 2.33075 | BS237: 2.33077 | BT237: 2.34486 | BW237: 2.33588 | BX237: 2.32083 | BY237: 2.32085 | BZ237: 2.33592 | CA237: 2.33096 | CB237: 2.33097 | CC237: 2.326 | CD237: 2.32601 | CE237: 2.32602 | CF237: 2.32603 | CG237: 2.31604 | CH237: 2.32543 | CI237: 2.32544 | CJ237: 2.32545 | CK237: 2.31107 | CL237: 2.31108 | CM237: 2.31109 | CN237: 2.29514 | CO237: 2.29265 | CP237: 2.29266 | CQ237: 2.29743 | CS237: 2.28769 | CT237: 2.29606 | CU237: 2.29607 | CV237: 2.29608 | CW237: 2.29675 | CX237: 2.29675 | CY237: 2.30009 | CZ237: 2.28912 | DA237: 2.28912 | DB237: 2.28913 | DC237: 2.17264
A238: =WEEKDAY(B238) -> 5 | B238: 42348 | J238: 0.52086 | K238: 0.52279 | L238: 0.56907 | M238: 0.58765 | N238: 0.54232 | O238: 0.63726 | P238: 0.62726 | Q238: 0.61711 | R238: 0.65179 | S238: 0.71371 | T238: 0.73979 | U238: 0.66783 | V238: 0.69414 | W238: 0.73831 | X238: 0.79575 | Y238: 0.86175 | Z238: 0.79187 | AA238: 0.84139 | AB238: 0.87075 | AC238: 0.85794 | AD238: 0.86033 | AE238: 0.76511 | AF238: 0.94979 | AG238: 0.97941 | AH238: 1.06278 | AI238: 1.0873 | AJ238: 1.12308 | AK238: 0.96198 | AL238: 1.20723 | AM238: 1.29707 | AN238: 1.14298 | AO238: 1.36782 | AP238: 1.45575 | AQ238: 1.284 | AR238: 1.50473 | AS238: 1.55544 | AT238: 1.60849 | AU238: 1.60437 | AV238: 1.50493 | AW238: 2.07041 | AX238: 2.05803 | AY238: 2.1216 | AZ238: 2.15804 | BA238: 2.18957 | BB238: 2.23299 | BC238: 2.27949 | BD238: 2.33515 | BE238: 2.23461 | BF238: 2.40756 | BG238: 2.39763 | BH238: 2.38104 | BI238: 2.37268 | BJ238: 2.3677 | BK238: 2.35103 | BL238: 2.35275 | BM238: 2.34778 | BN238: 2.3378 | BO238: 2.28608 | BP238: 2.3327 | BQ238: 2.33271 | BR238: 2.32774 | BS238: 2.32775 | BT238: 2.34285 | BW238: 2.3178 | BX238: 2.31782 | BY238: 2.31783 | BZ238: 2.33292 | CA238: 2.32796 | CB238: 2.32797 | CC238: 2.31288 | CD238: 2.32301 | CE238: 2.33252 | CF238: 2.33253 | CG238: 2.31304 | CH238: 2.32243 | CI238: 2.32244 | CJ238: 2.32245 | CK238: 2.30807 | CL238: 2.30808 | CM238: 2.30809 | CN238: 2.30312 | CO238: 2.29641 | CP238: 2.29642 | CQ238: 2.29856 | CS238: 2.28979 | CT238: 2.29538 | CU238: 2.29539 | CV238: 2.29539 | CW238: 2.28908 | CX238: 2.28908 | CY238: 2.28909 | CZ238: 2.2841 | DA238: 2.2841 | DB238: 2.28411 | DC238: 2.16827
A239: =WEEKDAY(B239) -> 6 | B239: 42349 | J239: 0.52043 | K239: 0.50645 | L239: 0.558 | M239: 0.58859 | N239: 0.54266 | O239: 0.62697 | P239: 0.59191 | Q239: 0.5576 | R239: 0.58292 | S239: 0.65629 | T239: 0.68261 | U239: 0.62488 | V239: 0.63464 | W239: 0.67778 | X239: 0.73717 | Y239: 0.77054 | Z239: 0.72142 | AA239: 0.77603 | AB239: 0.80383 | AC239: 0.78548 | AD239: 0.78685 | AE239: 0.69221 | AF239: 0.89037 | AG239: 0.90411 | AH239: 0.98692 | AI239: 1.01197 | AJ239: 1.04674 | AK239: 0.8868 | AL239: 1.13117 | AM239: 1.22789 | AN239: 1.07077 | AO239: 1.29406 | AP239: 1.38745 | AQ239: 1.20365 | AR239: 1.43201 | AS239: 1.48267 | AT239: 1.53571 | AU239: 1.53123 | AV239: 1.43279 | AW239: 2.00136 | AX239: 1.98863 | AY239: 2.04907 | AZ239: 2.0865 | BA239: 2.11742 | BB239: 2.16316 | BC239: 2.21885 | BD239: 2.26598 | BE239: 2.16569 | BF239: 2.33517 | BG239: 2.3251 | BH239: 2.3099 | BI239: 2.29758 | BJ239: 2.29765 | BK239: 2.27751 | BL239: 2.28372 | BM239: 2.27874 | BN239: 2.26876 | BO239: 2.21757 | BP239: 2.26259 | BQ239: 2.2626 | BR239: 2.25762 | BS239: 2.25764 | BT239: 2.2738 | BW239: 2.2709 | BX239: 2.2477 | BY239: 2.24771 | BZ239: 2.26387 | CA239: 2.25891 | CB239: 2.25892 | CC239: 2.24276 | CD239: 2.25396 | CE239: 2.26444 | CF239: 2.25398 | CG239: 2.244 | CH239: 2.24401 | CI239: 2.24402 | CJ239: 2.24403 | CK239: 2.23903 | CL239: 2.23904 | CM239: 2.23905 | CN239: 2.23407 | CO239: 2.22158 | CP239: 2.22159 | CQ239: 2.22535 | CS239: 2.22038 | CT239: 2.22293 | CU239: 2.22293 | CV239: 2.22294 | CW239: 2.21992 | CX239: 2.21993 | CY239: 2.21993 | CZ239: 2.21494 | DA239: 2.21495 | DB239: 2.21495 | DC239: 2.09846
...

Sheet maturity_BRUTE
A1: Choix_Jeudi | B1: =yields_BRUTE!B1 -> Date | C1: =yields_BRUTE!C1 -> 42064 | D1: =yields_BRUTE!D1 -> 42078 | E1: =yields_BRUTE!E1 -> 42156 | F1: =yields_BRUTE!F1 -> 42248 | G1: =yields_BRUTE!G1 -> 42262 | H1: =yields_BRUTE!H1 -> 42339 | I1: =yields_BRUTE!I1 -> 42339 | ... DC1: =yields_BRUTE!DC1 -> 60237
A2: =WEEKDAY(B2) -> 6 | B2: =yields_BRUTE!B2 -> 42006 | C2: =(C$1-$B2)/360 -> 0.16111111 | D2: =(D$1-$B2)/360 -> 0.2 | E2: =(E$1-$B2)/360 -> 0.41666667 | F2: =(F$1-$B2)/360 -> 0.67222222 | G2: =(G$1-$B2)/360 -> 0.71111111 | H2: =(H$1-$B2)/360 -> 0.925 | I2: =(I$1-$B2)/360 -> 0.925 | J2: =(J$1-$B2)/360 -> 1.1777778 | ... DC2: =(DC$1-$B2)/360 -> 50.641667
A3: =WEEKDAY(B3) -> 2 | B3: =yields_BRUTE!B3 -> 42009 | C3: =(C$1-$B3)/360 -> 0.15277778 | D3: =(D$1-$B3)/360 -> 0.19166667 | E3: =(E$1-$B3)/360 -> 0.40833333 | F3: =(F$1-$B3)/360 -> 0.66388889 | G3: =(G$1-$B3)/360 -> 0.70277778 | H3: =(H$1-$B3)/360 -> 0.91666667 | I3: =(I$1-$B3)/360 -> 0.91666667 | J3: =(J$1-$B3)/360 -> 1.1694444 | ... DC3: =(DC$1-$B3)/360 -> 50.633333
A4: =WEEKDAY(B4) -> 3 | B4: =yields_BRUTE!B4 -> 42010 | C4: =(C$1-$B4)/360 -> 0.15 | D4: =(D$1-$B4)/360 -> 0.18888889 | E4: =(E$1-$B4)/360 -> 0.40555556 | F4: =(F$1-$B4)/360 -> 0.66111111 | G4: =(G$1-$B4)/360 -> 0.7 | H4: =(H$1-$B4)/360 -> 0.91388889 | I4: =(I$1-$B4)/360 -> 0.91388889 | J4: =(J$1-$B4)/360 -> 1.1666667 | ... DC4: =(DC$1-$B4)/360 -> 50.630556
A5: =WEEKDAY(B5) -> 4 | B5: =yields_BRUTE!B5 -> 42011 | C5: =(C$1-$B5)/360 -> 0.14722222 | D5: =(D$1-$B5)/360 -> 0.18611111 | E5: =(E$1-$B5)/360 -> 0.40277778 | F5: =(F$1-$B5)/360 -> 0.65833333 | G5: =(G$1-$B5)/360 -> 0.69722222 | H5: =(H$1-$B5)/360 -> 0.91111111 | I5: =(I$1-$B5)/360 -> 0.91111111 | J5: =(J$1-$B5)/360 -> 1.1638889 | ... DC5: =(DC$1-$B5)/360 -> 50.627778
A6: =WEEKDAY(B6) -> 5 | B6: =yields_BRUTE!B6 -> 42012 | C6: =(C$1-$B6)/360 -> 0.14444444 | D6: =(D$1-$B6)/360 -> 0.18333333 | E6: =(E$1-$B6)/360 -> 0.4 | F6: =(F$1-$B6)/360 -> 0.65555556 | G6: =(G$1-$B6)/360 -> 0.69444444 | H6: =(H$1-$B6)/360 -> 0.90833333 | I6: =(I$1-$B6)/360 -> 0.90833333 | J6: =(J$1-$B6)/360 -> 1.1611111 | ... DC6: =(DC$1-$B6)/360 -> 50.625
A7: =WEEKDAY(B7) -> 6 | B7: =yields_BRUTE!B7 -> 42013 | C7: =(C$1-$B7)/360 -> 0.14166667 | D7: =(D$1-$B7)/360 -> 0.18055556 | E7: =(E$1-$B7)/360 -> 0.39722222 | F7: =(F$1-$B7)/360 -> 0.65277778 | G7: =(G$1-$B7)/360 -> 0.69166667 | H7: =(H$1-$B7)/360 -> 0.90555556 | I7: =(I$1-$B7)/360 -> 0.90555556 | J7: =(J$1-$B7)/360 -> 1.1583333 | ... DC7: =(DC$1-$B7)/360 -> 50.622222
A8: =WEEKDAY(B8) -> 2 | B8: =yields_BRUTE!B8 -> 42016 | C8: =(C$1-$B8)/360 -> 0.13333333 | D8: =(D$1-$B8)/360 -> 0.17222222 | E8: =(E$1-$B8)/360 -> 0.38888889 | F8: =(F$1-$B8)/360 -> 0.64444444 | G8: =(G$1-$B8)/360 -> 0.68333333 | H8: =(H$1-$B8)/360 -> 0.89722222 | I8: =(I$1-$B8)/360 -> 0.89722222 | J8: =(J$1-$B8)/360 -> 1.15 | ... DC8: =(DC$1-$B8)/360 -> 50.613889
A9: =WEEKDAY(B9) -> 3 | B9: =yields_BRUTE!B9 -> 42017 | C9: =(C$1-$B9)/360 -> 0.13055556 | D9: =(D$1-$B9)/360 -> 0.16944444 | E9: =(E$1-$B9)/360 -> 0.38611111 | F9: =(F$1-$B9)/360 -> 0.64166667 | G9: =(G$1-$B9)/360 -> 0.68055556 | H9: =(H$1-$B9)/360 -> 0.89444444 | I9: =(I$1-$B9)/360 -> 0.89444444 | J9: =(J$1-$B9)/360 -> 1.1472222 | ... DC9: =(DC$1-$B9)/360 -> 50.611111
A10: =WEEKDAY(B10) -> 4 | B10: =yields_BRUTE!B10 -> 42018 | C10: =(C$1-$B10)/360 -> 0.12777778 | D10: =(D$1-$B10)/360 -> 0.16666667 | E10: =(E$1-$B10)/360 -> 0.38333333 | F10: =(F$1-$B10)/360 -> 0.63888889 | G10: =(G$1-$B10)/360 -> 0.67777778 | H10: =(H$1-$B10)/360 -> 0.89166667 | I10: =(I$1-$B10)/360 -> 0.89166667 | J10: =(J$1-$B10)/360 -> 1.1444444 | ... DC10: =(DC$1-$B10)/360 -> 50.608333
A11: =WEEKDAY(B11) -> 5 | B11: =yields_BRUTE!B11 -> 42019 | C11: =(C$1-$B11)/360 -> 0.125 | D11: =(D$1-$B11)/360 -> 0.16388889 | E11: =(E$1-$B11)/360 -> 0.38055556 | F11: =(F$1-$B11)/360 -> 0.63611111 | G11: =(G$1-$B11)/360 -> 0.675 | H11: =(H$1-$B11)/360 -> 0.88888889 | I11: =(I$1-$B11)/360 -> 0.88888889 | J11: =(J$1-$B11)/360 -> 1.1416667 | ... DC11: =(DC$1-$B11)/360 -> 50.605556
A12: =WEEKDAY(B12) -> 6 | B12: =yields_BRUTE!B12 -> 42020 | C12: =(C$1-$B12)/360 -> 0.12222222 | D12: =(D$1-$B12)/360 -> 0.16111111 | E12: =(E$1-$B12)/360 -> 0.37777778 | F12: =(F$1-$B12)/360 -> 0.63333333 | G12: =(G$1-$B12)/360 -> 0.67222222 | H12: =(H$1-$B12)/360 -> 0.88611111 | I12: =(I$1-$B12)/360 -> 0.88611111 | J12: =(J$1-$B12)/360 -> 1.1388889 | ... DC12: =(DC$1-$B12)/360 -> 50.602778
A13: =WEEKDAY(B13) -> 2 | B13: =yields_BRUTE!B13 -> 42023 | C13: =(C$1-$B13)/360 -> 0.11388889 | D13: =(D$1-$B13)/360 -> 0.15277778 | E13: =(E$1-$B13)/360 -> 0.36944444 | F13: =(F$1-$B13)/360 -> 0.625 | G13: =(G$1-$B13)/360 -> 0.66388889 | H13: =(H$1-$B13)/360 -> 0.87777778 | I13: =(I$1-$B13)/360 -> 0.87777778 | J13: =(J$1-$B13)/360 -> 1.1305556 | ... DC13: =(DC$1-$B13)/360 -> 50.594444
... A251: =WEEKDAY(B251) -> 5 | B251: =yields_BRUTE!B251 -> 42369 | C251: =(C$1-$B251)/360 -> -0.84722222 | D251: =(D$1-$B251)/360 -> -0.80833333 | E251: =(E$1-$B251)/360 -> -0.59166667 | F251: =(F$1-$B251)/360 -> -0.33611111 | G251: =(G$1-$B251)/360 -> -0.29722222 | H251: =(H$1-$B251)/360 -> -0.083333333 | I251: =(I$1-$B251)/360 -> -0.083333333 | J251: =(J$1-$B251)/360 -> 0.16944444 | ... DC251: =(DC$1-$B251)/360 -> 49.633333

Sheet yields
A1: Choix_Jeudi | B1: Date | C1: 42887 | D1: 44089 | E1: 45809 | F1: 45809
A2: =WEEKDAY(B2) -> 5 | B2: 42012 | C2: 1.04267 | D2: 1.46678 | E2: 1.93138 | F2: 1.8515
A3: =WEEKDAY(B3) -> 5 | B3: 42019 | C3: 0.87271 | D3: 1.24644 | E3: 1.68515 | F3: 1.62009
A4: =WEEKDAY(B4) -> 5 | B4: 42026 | C4: 0.61267 | D4: 1.08535 | E4: 1.6252 | F4: 1.57229
A5: =WEEKDAY(B5) -> 5 | B5: 42033 | C5: 0.51357 | D5: 0.93457 | E5: 1.4627 | F5: 1.39547
A6: =WEEKDAY(B6) -> 5 | B6: 42040 | C6: 0.48582 | D6: 0.9153 | E6: 1.44492 | F6: 1.3819
A7: =WEEKDAY(B7) -> 5 | B7: 42047 | C7: 0.48138 | D7: 0.93897 | E7: 1.47072 | F7: 1.42703
A8: =WEEKDAY(B8) -> 5 | B8: 42054 | C8: 0.48997 | D8: 0.98955 | E8: 1.53456 | F8: 1.47816
A9: =WEEKDAY(B9) -> 5 | B9: 42061 | C9: 0.56856 | D9: 0.94205 | E9: 1.44651 | F9: 1.38465
A10: =WEEKDAY(B10) -> 5 | B10: 42068 | C10: 0.69212 | D10: 1.09158 | E10: 1.6155 | F10: 1.54573
A11: =WEEKDAY(B11) -> 5 | B11: 42075 | C11: 0.65476 | D11: 1.03223 | E11: 1.58331 | F11: 1.51566
A12: =WEEKDAY(B12) -> 5 | B12: 42082 | C12: 0.56764 | D12: 0.89732 | E12: 1.4104 | F12: 1.33981
A13: =WEEKDAY(B13) -> 5 | B13: 42089 | C13: 0.67055 | D13: 1.02218 | E13: 1.52322 | F13: 1.45823
... A53: =WEEKDAY(B53) -> 5 | B53: 42369 | C53: 0.59781 | D53: 0.87645 | E53: 1.50493 | F53: 1.41887

Sheet maturity
A2: Choix_Jeudi | B2: =yields!B1 -> Date | C2: 42887 | D2: 44089 | E2: 45809
A3: =WEEKDAY(B3) -> 5 | B3: =yields!B2 -> 42012 | C3: =(C$2-$B3)/360 -> 2.4305556 | D3: =(D$2-$B3)/360 -> 5.7694444 | E3: =(E$2-$B3)/360 -> 10.547222
A4: =WEEKDAY(B4) -> 5 | B4: =yields!B3 -> 42019 | C4: =(C$2-$B4)/360 -> 2.4111111 | D4: =(D$2-$B4)/360 -> 5.75 | E4: =(E$2-$B4)/360 -> 10.527778
A5: =WEEKDAY(B5) -> 5 | B5: =yields!B4 -> 42026 | C5: =(C$2-$B5)/360 -> 2.3916667 | D5: =(D$2-$B5)/360 -> 5.7305556 | E5: =(E$2-$B5)/360 -> 10.508333
A6: =WEEKDAY(B6) -> 5 | B6: =yields!B5 -> 42033 | C6: =(C$2-$B6)/360 -> 2.3722222 | D6: =(D$2-$B6)/360 -> 5.7111111 | E6: =(E$2-$B6)/360 -> 10.488889
A7: =WEEKDAY(B7) -> 5 | B7: =yields!B6 -> 42040 | C7: =(C$2-$B7)/360 -> 2.3527778 | D7: =(D$2-$B7)/360 -> 5.6916667 | E7: =(E$2-$B7)/360 -> 10.469444
A8: =WEEKDAY(B8) -> 5 | B8: =yields!B7 -> 42047 | C8: =(C$2-$B8)/360 -> 2.3333333 | D8: =(D$2-$B8)/360 -> 5.6722222 | E8: =(E$2-$B8)/360 -> 10.45
A9: =WEEKDAY(B9) -> 5 | B9: =yields!B8 -> 42054 | C9: =(C$2-$B9)/360 -> 2.3138889 | D9: =(D$2-$B9)/360 -> 5.6527778 | E9: =(E$2-$B9)/360 -> 10.430556
A10: =WEEKDAY(B10) -> 5 | B10: =yields!B9 -> 42061 | C10: =(C$2-$B10)/360 -> 2.2944444 | D10: =(D$2-$B10)/360 -> 5.6333333 | E10: =(E$2-$B10)/360 -> 10.411111
A11: =WEEKDAY(B11) -> 5 | B11: =yields!B10 -> 42068 | C11: =(C$2-$B11)/360 -> 2.275 | D11: =(D$2-$B11)/360 -> 5.6138889 | E11: =(E$2-$B11)/360 -> 10.391667
A12: =WEEKDAY(B12) -> 5 | B12: =yields!B11 -> 42075 | C12: =(C$2-$B12)/360 -> 2.2555556 | D12: =(D$2-$B12)/360 -> 5.5944444 | E12: =(E$2-$B12)/360 -> 10.372222
A13: =WEEKDAY(B13) -> 5 | B13: =yields!B12 -> 42082 | C13: =(C$2-$B13)/360 -> 2.2361111 | D13: =(D$2-$B13)/360 -> 5.575 | E13: =(E$2-$B13)/360 -> 10.352778
A14: =WEEKDAY(B14) -> 5 | B14: =yields!B13 -> 42089 | C14: =(C$2-$B14)/360 -> 2.2166667 | D14: =(D$2-$B14)/360 -> 5.5555556 | E14: =(E$2-$B14)/360 -> 10.333333
... A54: =WEEKDAY(B54) -> 5 | B54: =yields!B53 -> 42369 | C54: =(C$2-$B54)/360 -> 1.4388889 | D54: =(D$2-$B54)/360 -> 4.7777778 | E54: =(E$2-$B54)/360 -> 9.5555556

Sheet Immunisation 1
C1: YIELD | G1: MATURITE | K1: OBLIGATION CIBLE | M1: OBLIGATION_Juin 2017 | O1: OBLIGATION_Juin 2025 | U1: Immunisation dynamique 2
A2: Choix_Jeudi | B2: =yields!B1 -> Date | C2: 42887 | D2: 44089 | E2: 45809 | G2: 42887 | H2: 44089 | I2: 45809 | K2: DURATION | L2: CONVEXITE | M2: DURATION | N2: CONVEXITE | O2: DURATION | P2: CONVEXITE | R2: Prix_2017 | S2: Prix_2020 | T2: Prix_2025 | U2: k::quantité_2025 | V2: Valeur Portefeuille | W2: variation
A3: =WEEKDAY(B3) -> 5 | B3: =yields!B2 -> 42012 | C3: =+yields!C2/100 -> 0.0104267 | D3: =+yields!D2/100 -> 0.0146678 | E3: =+yields!E2/100 -> 0.0193138 | G3: =(G$2-$B3)/360 -> 2.4305556 | H3: =(H$2-$B3)/360 -> 5.7694444 | I3: =(I$2-$B3)/360 -> 10.547222 | K3: =H3 -> 5.7694444 | L3: =K3^2 -> 33.286489 | M3: =+G3 -> 2.4305556 | N3: =+M3^2 -> 5.9076003 | O3: =+I3 -> 10.547222 | P3: =+O3^2 -> 111.2439 | R3: =100*EXP(-C3*G3) -> 97.497576 | S3: =100*EXP(-D3*H3) -> 91.885674 | T3: =100*EXP(-E3*I3) -> 81.570139 | U3: =((M3-K3)*R3)/((K3-O3)*T3) -> 0.83529261 | V3: =R3-(U3*T3) -> 29.362642
A4: =WEEKDAY(B4) -> 5 | B4: =yields!B3 -> 42019 | C4: =+yields!C3/100 -> 0.0087271 | D4: =+yields!D3/100 -> 0.0124644 | E4: =+yields!E3/100 -> 0.0168515 | G4: =(G$2-$B4)/360 -> 2.4111111 | H4: =(H$2-$B4)/360 -> 5.75 | I4: =(I$2-$B4)/360 -> 10.527778 | K4: =H4 -> 5.75 | L4: =K4^2 -> 33.0625 | M4: =+G4 -> 2.4111111 | N4: =+M4^2 -> 5.8134568 | O4: =+I4 -> 10.527778 | P4: =+O4^2 -> 110.8341 | R4: =100*EXP(-C4*G4) -> 97.917783 | S4: =100*EXP(-D4*H4) -> 93.083774 | T4: =100*EXP(-E4*I4) -> 83.743733 | U4: =((M4-K4)*R4)/((K4-O4)*T4) -> 0.81711894 | V4: =R4-(U4*T4) -> 29.489193 | W4: =((V4/V3)-1)*100 -> 0.4309927
A5: =WEEKDAY(B5) -> 5 | B5: =yields!B4 -> 42026 | C5: =+yields!C4/100 -> 0.0061267 | D5: =+yields!D4/100 -> 0.0108535 | E5: =+yields!E4/100 -> 0.016252 | G5: =(G$2-$B5)/360 -> 2.3916667 | H5: =(H$2-$B5)/360 -> 5.7305556 | I5: =(I$2-$B5)/360 -> 10.508333 | K5: =H5 -> 5.7305556 | L5: =K5^2 -> 32.839267 | M5: =+G5 -> 2.3916667 | N5: =+M5^2 -> 5.7200694 | O5: =+I5 -> 10.508333 | P5: =+O5^2 -> 110.42507 | R5: =100*EXP(-C5*G5) -> 98.545381 | S5: =100*EXP(-D5*H5) -> 93.969814 | T5: =100*EXP(-E5*I5) -> 84.300581 | U5: =((M5-K5)*R5)/((K5-O5)*T5) -> 0.81692414 | V5: =R5-(U5*T5) -> 29.678202 | W5: =((V5/V4)-1)*100 -> 0.64094367
A6: =WEEKDAY(B6) -> 5 | B6: =yields!B5 -> 42033 | C6: =+yields!C5/100 -> 0.0051357 | D6: =+yields!D5/100 -> 0.0093457 | E6: =+yields!E5/100 -> 0.014627 | G6: =(G$2-$B6)/360 -> 2.3722222 | H6: =(H$2-$B6)/360 -> 5.7111111 | I6: =(I$2-$B6)/360 -> 10.488889 | K6: =H6 -> 5.7111111 | L6: =K6^2 -> 32.61679 | M6: =+G6 -> 2.3722222 | N6: =+M6^2 -> 5.6274383 | O6: =+I6 -> 10.488889 | P6: =+O6^2 -> 110.01679 | R6: =100*EXP(-C6*G6) -> 98.789089 | S6: =100*EXP(-D6*H6) -> 94.802507 | T6: =100*EXP(-E6*I6) -> 85.776854 | U6: =((M6-K6)*R6)/((K6-O6)*T6) -> 0.80484988 | V6: =R6-(U6*T6) -> 29.751598 | W6: =((V6/V5)-1)*100 -> 0.24730555
A7: =WEEKDAY(B7) -> 5 | B7: =yields!B6 -> 42040 | C7: =+yields!C6/100 -> 0.0048582 | D7: =+yields!D6/100 -> 0.009153 | E7: =+yields!E6/100 -> 0.0144492 | G7: =(G$2-$B7)/360 -> 2.3527778 | H7: =(H$2-$B7)/360 -> 5.6916667 | I7: =(I$2-$B7)/360 -> 10.469444 | K7: =H7 -> 5.6916667 | L7: =K7^2 -> 32.395069 | M7: =+G7 -> 2.3527778 | N7: =+M7^2 -> 5.5355633 | O7: =+I7 -> 10.469444 | P7: =+O7^2 -> 109.60927 | R7: =100*EXP(-C7*G7) -> 98.863481 | S7: =100*EXP(-D7*H7) -> 94.92379 | T7: =100*EXP(-E7*I7) -> 85.961119 | U7: =((M7-K7)*R7)/((K7-O7)*T7) -> 0.80372941 | V7: =R7-(U7*T7) -> 29.774002 | W7: =((V7/V6)-1)*100 -> 0.075304006
A8: =WEEKDAY(B8) -> 5 | B8: =yields!B7 -> 42047 | C8: =+yields!C7/100 -> 0.0048138 | D8: =+yields!D7/100 -> 0.0093897 | E8: =+yields!E7/100 -> 0.0147072 | G8: =(G$2-$B8)/360 -> 2.3333333 | H8: =(H$2-$B8)/360 -> 5.6722222 | I8: =(I$2-$B8)/360 -> 10.45 | K8: =H8 -> 5.6722222 | L8: =K8^2 -> 32.174105 | M8: =+G8 -> 2.3333333 | N8: =+M8^2 -> 5.4444444 | O8: =+I8 -> 10.45 | P8: =+O8^2 -> 109.2025 | R8: =100*EXP(-C8*G8) -> 98.883065 | S8: =100*EXP(-D8*H8) -> 94.813302 | T8: =100*EXP(-E8*I8) -> 85.753761 | U8: =((M8-K8)*R8)/((K8-O8)*T8) -> 0.80583247 | V8: =R8-(U8*T8) -> 29.7799 | W8: =((V8/V7)-1)*100 -> 0.019808462
A9: =WEEKDAY(B9) -> 5 | B9: =yields!B8 -> 42054 | C9: =+yields!C8/100 -> 0.0048997 | D9: =+yields!D8/100 -> 0.0098955 | E9: =+yields!E8/100 -> 0.0153456 | G9: =(G$2-$B9)/360 -> 2.3138889 | H9: =(H$2-$B9)/360 -> 5.6527778 | I9: =(I$2-$B9)/360 -> 10.430556 | K9: =H9 -> 5.6527778 | L9: =K9^2 -> 31.953897 | M9: =+G9 -> 2.3138889 | N9: =+M9^2 -> 5.3540818 | O9: =+I9 -> 10.430556 | P9: =+O9^2 -> 108.79649 | R9: =100*EXP(-C9*G9) -> 98.872666 | S9: =100*EXP(-D9*H9) -> 94.559865 | T9: =100*EXP(-E9*I9) -> 85.208999 | U9: =((M9-K9)*R9)/((K9-O9)*T9) -> 0.81089907 | V9: =R9-(U9*T9) -> 29.776768 | W9: =((V9/V8)-1)*100 -> -0.010515586
A10: =WEEKDAY(B10) -> 5 | B10: =yields!B9 -> 42061 | C10: =+yields!C9/100 -> 0.0056856 | D10: =+yields!D9/100 -> 0.0094205 | E10: =+yields!E9/100 -> 0.0144651 | G10: =(G$2-$B10)/360 -> 2.2944444 | H10: =(H$2-$B10)/360 -> 5.6333333 | I10: =(I$2-$B10)/360 -> 10.411111 | K10: =H10 -> 5.6333333 | L10: =K10^2 -> 31.734444 | M10: =+G10 -> 2.2944444 | N10: =+M10^2 -> 5.2644753 | O10: =+I10 -> 10.411111 | P10: =+O10^2 -> 108.39123 | R10: =100*EXP(-C10*G10) -> 98.703943 | S10: =100*EXP(-D10*H10) -> 94.831475 | T10: =100*EXP(-E10*I10) -> 86.019363 | U10: =((M10-K10)*R10)/((K10-O10)*T10) -> 0.80188908 | V10: =R10-(U10*T10) -> 29.725955 | W10: =((V10/V9)-1)*100 -> -0.17064743
A11: =WEEKDAY(B11) -> 5 | B11: =yields!B10 -> 42068 | C11: =+yields!C10/100 -> 0.0069212 | D11: =+yields!D10/100 -> 0.0109158 | E11: =+yields!E10/100 -> 0.016155 | G11: =(G$2-$B11)/360 -> 2.275 | H11: =(H$2-$B11)/360 -> 5.6138889 | I11: =(I$2-$B11)/360 -> 10.391667 | K11: =H11 -> 5.6138889 | L11: =K11^2 -> 31.515748 | M11: =+G11 -> 2.275 | N11: =+M11^2 -> 5.175625 | O11: =+I11 -> 10.391667 | P11: =+O11^2 -> 107.98674 | R11: =100*EXP(-C11*G11) -> 98.437759 | S11: =100*EXP(-D11*H11) -> 94.055976 | T11: =100*EXP(-E11*I11) -> 84.54575 | U11: =((M11-K11)*R11)/((K11-O11)*T11) -> 0.8136656 | V11: =R11-(U11*T11) -> 29.64579 | W11: =((V11/V10)-1)*100 -> -0.26967938
A12: =WEEKDAY(B12) -> 5 | B12: =yields!B11 -> 42075 | C12: =+yields!C11/100 -> 0.0065476 | D12: =+yields!D11/100 -> 0.0103223 | E12: =+yields!E11/100 -> 0.0158331 | G12: =(G$2-$B12)/360 -> 2.2555556 | H12: =(H$2-$B12)/360 -> 5.5944444 | I12: =(I$2-$B12)/360 -> 10.372222 | K12: =H12 -> 5.5944444 | L12: =K12^2 -> 31.297809 | M12: =+G12 -> 2.2555556 | N12: =+M12^2 -> 5.0875309 | O12: =+I12 -> 10.372222 | P12: =+O12^2 -> 107.58299 | R12: =100*EXP(-C12*G12) -> 98.534004 | S12: =100*EXP(-D12*H12) -> 94.388822 | T12: =100*EXP(-E12*I12) -> 84.855156 | U12: =((M12-K12)*R12)/((K12-O12)*T12) -> 0.81149139 | V12: =R12-(U12*T12) -> 29.674776 | W12: =((V12/V11)-1)*100 -> 0.097773211
A13: =WEEKDAY(B13) -> 5 | B13: =yields!B12 -> 42082 | C13: =+yields!C12/100 -> 0.0056764 | D13: =+yields!D12/100 -> 0.0089732 | E13: =+yields!E12/100 -> 0.014104 | G13: =(G$2-$B13)/360 -> 2.2361111 | H13: =(H$2-$B13)/360 -> 5.575 | I13: =(I$2-$B13)/360 -> 10.352778 | K13: =H13 -> 5.575 | L13: =K13^2 -> 31.080625 | M13: =+G13 -> 2.2361111 | N13: =+M13^2 -> 5.0001929 | O13: =+I13 -> 10.352778 | P13: =+O13^2 -> 107.18001 | R13: =100*EXP(-C13*G13) -> 98.738716 | S13: =100*EXP(-D13*H13) -> 95.120508 | T13: =100*EXP(-E13*I13) -> 86.414424 | U13: =((M13-K13)*R13)/((K13-O13)*T13) -> 0.79850429 | V13: =R13-(U13*T13) -> 29.736427 | W13: =((V13/V12)-1)*100 -> 0.20775696
A14: =WEEKDAY(B14) -> 5 | B14: =yields!B13 -> 42089 | C14: =+yields!C13/100 -> 0.0067055 | D14: =+yields!D13/100 -> 0.0102218 | E14: =+yields!E13/100 -> 0.0152322 | G14: =(G$2-$B14)/360 -> 2.2166667 | H14: =(H$2-$B14)/360 -> 5.5555556 | I14: =(I$2-$B14)/360 -> 10.333333 | K14: =H14 -> 5.5555556 | L14: =K14^2 -> 30.864198 | M14: =+G14 -> 2.2166667 | N14: =+M14^2 -> 4.9136111 | O14: =+I14 -> 10.333333 | P14: =+O14^2 -> 106.77778 | R14: =100*EXP(-C14*G14) -> 98.524606 | S14: =100*EXP(-D14*H14) -> 94.479455 | T14: =100*EXP(-E14*I14) -> 85.436276 | U14: =((M14-K14)*R14)/((K14-O14)*T14) -> 0.80589492 | V14: =R14-(U14*T14) -> 29.671945 | W14: =((V14/V13)-1)*100 -> -0.21684427
A15: =WEEKDAY(B15) -> 5 | B15: =yields!B14 -> 42096 | C15: =+yields!C14/100 -> 0.0057758 | D15: =+yields!D14/100 -> 0.0089888 | E15: =+yields!E14/100 -> 0.0139831 | G15: =(G$2-$B15)/360 -> 2.1972222 | H15: =(H$2-$B15)/360 -> 5.5361111 | I15: =(I$2-$B15)/360 -> 10.313889 | K15: =H15 -> 5.5361111 | L15: =K15^2 -> 30.648526 | M15: =+G15 -> 2.1972222 | N15: =+M15^2 -> 4.8277855 | O15: =+I15 -> 10.313889 | P15: =+O15^2 -> 106.3763 | R15: =100*EXP(-C15*G15) -> 98.738947 | S15: =100*EXP(-D15*H15) -> 95.14549 | T15: =100*EXP(-E15*I15) -> 86.569715 | U15: =((M15-K15)*R15)/((K15-O15)*T15) -> 0.79707378 | V15: =R15-(U15*T15) -> 29.736497 | W15: =((V15/V14)-1)*100 -> 0.21755052
... A54: =WEEKDAY(B54) -> 5 | B54: =yields!B53 -> 42369 | C54: =+yields!C53/100 -> 0.0059781 | D54: =+yields!D53/100 -> 0.0087645 | E54: =+yields!E53/100 -> 0.0150493 | G54: =(G$2-$B54)/360 -> 1.4388889 | H54: =(H$2-$B54)/360 -> 4.7777778 | I54: =(I$2-$B54)/360 -> 9.5555556 | K54: =H54 -> 4.7777778 | L54: =K54^2 -> 22.82716 | M54: =+G54 -> 1.4388889 | N54: =+M54^2 -> 2.0704012 | O54: =+I54 -> 9.5555556 | P54: =+O54^2 -> 91.308642 | R54: =100*EXP(-C54*G54) -> 99.143507 | S54: =100*EXP(-D54*H54) -> 95.898981 | T54: =100*EXP(-E54*I54) -> 86.605711 | U54: =((M54-K54)*R54)/((K54-O54)*T54) -> 0.80000696 | V54: =R54-(U54*T54) -> 29.858335 | W54: =((V54/V53)-1)*100 -> 0.011989385

Sheet Immunisation 2
C1: YIELD | G1: MATURITE | K1: OBLIGATION CIBLE | M1: OBLIGATION_Juin 2017 | O1: OBLIGATION_Juin 2025 | U1: Immunisation dynamique 2
A2: Choix_Jeudi | B2: =yields!B1 -> Date | C2: 42887 | D2: 44089 | E2: 45809 | G2: 42887 | H2: 44089 | I2: 45809 | K2: DURATION | L2: CONVEXITE | M2: DURATION | N2: CONVEXITE | O2: DURATION | P2: CONVEXITE | R2: Prix_2017 | S2: Prix_2020 | T2: Prix_2025 | U2: k_1 | V2: k_2 | W2: Valeur Portefeuille | X2: variation
A3: =WEEKDAY(B3) -> 5 | B3: =yields!B2 -> 42012 | C3: =+yields!C2/100 -> 0.0104267 | D3: =+yields!D2/100 -> 0.0146678 | E3: =+yields!E2/100 -> 0.0193138 | G3: =(G$2-$B3)/360 -> 2.4305556 | H3: =(H$2-$B3)/360 -> 5.7694444 | I3: =(I$2-$B3)/360 -> 10.547222 | K3: =H3 -> 5.7694444 | L3: =K3^2 -> 33.286489 | M3: =+G3 -> 2.4305556 | N3: =+M3^2 -> 5.9076003 | O3: =+I3 -> 10.547222 | P3: =+O3^2 -> 111.2439 | R3: =100*EXP(-C3*G3) -> 97.497576 | S3: =100*EXP(-D3*H3) -> 91.885674 | T3: =100*EXP(-E3*I3) -> 81.570139 | U3: =-(S3/R3)*((K3*P3-L3*O3)/(M3*P3-N3*O3)) -> -1.3168329 | V3: =-(S3/T3)*((K3*N3-L3*M3)/(O3*N3-P3*M3)) -> -0.25347595 | W3: =S3+(U3*R3)+(V3*T3) -> -57.178409
A4: =WEEKDAY(B4) -> 5 | B4: =yields!B3 -> 42019 | C4: =+yields!C3/100 -> 0.0087271 | D4: =+yields!D3/100 -> 0.0124644 | E4: =+yields!E3/100 -> 0.0168515 | G4: =(G$2-$B4)/360 -> 2.4111111 | H4: =(H$2-$B4)/360 -> 5.75 | I4: =(I$2-$B4)/360 -> 10.527778 | K4: =H4 -> 5.75 | L4: =K4^2 -> 33.0625 | M4: =+G4 -> 2.4111111 | N4: =+M4^2 -> 5.8134568 | O4: =+I4 -> 10.527778 | P4: =+O4^2 -> 110.8341 | R4: =100*EXP(-C4*G4) -> 97.917783 | S4: =100*EXP(-D4*H4) -> 93.083774 | T4: =100*EXP(-E4*I4) -> 83.743733 | U4: =-(S4/R4)*((K4*P4-L4*O4)/(M4*P4-N4*O4)) -> -1.3344775 | V4: =-(S4/T4)*((K4*N4-L4*M4)/(O4*N4-P4*M4)) -> -0.24973365 | W4: =S4+(U4*R4)+(V4*T4) -> -58.498936 | X4: =((W4/W3)-1)*100 -> 2.3094841
A5: =WEEKDAY(B5) -> 5 | B5: =yields!B4 -> 42026 | C5: =+yields!C4/100 -> 0.0061267 | D5: =+yields!D4/100 -> 0.0108535 | E5: =+yields!E4/100 -> 0.016252 | G5: =(G$2-$B5)/360 -> 2.3916667 | H5: =(H$2-$B5)/360 -> 5.7305556 | I5: =(I$2-$B5)/360 -> 10.508333 | K5: =H5 -> 5.7305556 | L5: =K5^2 -> 32.839267 | M5: =+G5 -> 2.3916667 | N5: =+M5^2 -> 5.7200694 | O5: =+I5 -> 10.508333 | P5: =+O5^2 -> 110.42507 | R5: =100*EXP(-C5*G5) -> 98.545381 | S5: =100*EXP(-D5*H5) -> 93.969814 | T5: =100*EXP(-E5*I5) -> 84.300581 | U5: =-(S5/R5)*((K5*P5-L5*O5)/(M5*P5-N5*O5)) -> -1.3449199 | V5: =-(S5/T5)*((K5*N5-L5*M5)/(O5*N5-P5*M5)) -> -0.25006041 | W5: =S5+(U5*R5)+(V5*T5) -> -59.646064 | X5: =((W5/W4)-1)*100 -> 1.9609386
A6: =WEEKDAY(B6) -> 5 | B6: =yields!B5 -> 42033 | C6: =+yields!C5/100 -> 0.0051357 | D6: =+yields!D5/100 -> 0.0093457 | E6: =+yields!E5/100 -> 0.014627 | G6: =(G$2-$B6)/360 -> 2.3722222 | H6: =(H$2-$B6)/360 -> 5.7111111 | I6: =(I$2-$B6)/360 -> 10.488889 | K6: =H6 -> 5.7111111 | L6: =K6^2 -> 32.61679 | M6: =+G6 -> 2.3722222 | N6: =+M6^2 -> 5.6274383 | O6: =+I6 -> 10.488889 | P6: =+O6^2 -> 110.01679 | R6: =100*EXP(-C6*G6) -> 98.789089 | S6: =100*EXP(-D6*H6) -> 94.802507 | T6: =100*EXP(-E6*I6) -> 85.776854 | U6: =-(S6/R6)*((K6*P6-L6*O6)/(M6*P6-N6*O6)) -> -1.3599543 | V6: =-(S6/T6)*((K6*N6-L6*M6)/(O6*N6-P6*M6)) -> -0.24755123 | W6: =S6+(U6*R6)+(V6*T6) -> -60.780306 | X6: =((W6/W5)-1)*100 -> 1.901621
A7: =WEEKDAY(B7) -> 5 | B7: =yields!B6 -> 42040 | C7: =+yields!C6/100 -> 0.0048582 | D7: =+yields!D6/100 -> 0.009153 | E7: =+yields!E6/100 -> 0.0144492 | G7: =(G$2-$B7)/360 -> 2.3527778 | H7: =(H$2-$B7)/360 -> 5.6916667 | I7: =(I$2-$B7)/360 -> 10.469444 | K7: =H7 -> 5.6916667 | L7: =K7^2 -> 32.395069 | M7: =+G7 -> 2.3527778 | N7: =+M7^2 -> 5.5355633 | O7: =+I7 -> 10.469444 | P7: =+O7^2 -> 109.60927 | R7: =100*EXP(-C7*G7) -> 98.863481 | S7: =100*EXP(-D7*H7) -> 94.92379 | T7: =100*EXP(-E7*I7) -> 85.961119 | U7: =-(S7/R7)*((K7*P7-L7*O7)/(M7*P7-N7*O7)) -> -1.3672438 | V7: =-(S7/T7)*((K7*N7-L7*M7)/(O7*N7-P7*M7)) -> -0.24695231 | W7: =S7+(U7*R7)+(V7*T7) -> -61.474986 | X7: =((W7/W6)-1)*100 -> 1.1429361
A8: =WEEKDAY(B8) -> 5 | B8: =yields!B7 -> 42047 | C8: =+yields!C7/100 -> 0.0048138 | D8: =+yields!D7/100 -> 0.0093897 | E8: =+yields!E7/100 -> 0.0147072 | G8: =(G$2-$B8)/360 -> 2.3333333 | H8: =(H$2-$B8)/360 -> 5.6722222 | I8: =(I$2-$B8)/360 -> 10.45 | K8: =H8 -> 5.6722222 | L8: =K8^2 -> 32.174105 | M8: =+G8 -> 2.3333333 | N8: =+M8^2 -> 5.4444444 | O8: =+I8 -> 10.45 | P8: =+O8^2 -> 109.2025 | R8: =100*EXP(-C8*G8) -> 98.883065 | S8: =100*EXP(-D8*H8) -> 94.813302 | T8: =100*EXP(-E8*I8) -> 85.753761 | U8: =-(S8/R8)*((K8*P8-L8*O8)/(M8*P8-N8*O8)) -> -1.3720567 | V8: =-(S8/T8)*((K8*N8-L8*M8)/(O8*N8-P8*M8)) -> -0.24687511 | W8: =S8+(U8*R8)+(V8*T8) -> -62.030333 | X8: =((W8/W7)-1)*100 -> 0.90337061
A9: =WEEKDAY(B9) -> 5 | B9: =yields!B8 -> 42054 | C9: =+yields!C8/100 -> 0.0048997 | D9: =+yields!D8/100 -> 0.0098955 | E9: =+yields!E8/100 -> 0.0153456 | G9: =(G$2-$B9)/360 -> 2.3138889 | H9: =(H$2-$B9)/360 -> 5.6527778 | I9: =(I$2-$B9)/360 -> 10.430556 | K9: =H9 -> 5.6527778 | L9: =K9^2 -> 31.953897 | M9: =+G9 -> 2.3138889 | N9: =+M9^2 -> 5.3540818 | O9: =+I9 -> 10.430556 | P9: =+O9^2 -> 108.79649 | R9: =100*EXP(-C9*G9) -> 98.872666 | S9: =100*EXP(-D9*H9) -> 94.559865 | T9: =100*EXP(-E9*I9) -> 85.208999 | U9: =-(S9/R9)*((K9*P9-L9*O9)/(M9*P9-N9*O9)) -> -1.3753025 | V9: =-(S9/T9)*((K9*N9-L9*M9)/(O9*N9-P9*M9)) -> -0.24740023 | W9: =S9+(U9*R9)+(V9*T9) -> -62.50069 | X9: =((W9/W8)-1)*100 -> 0.7582702
A10: =WEEKDAY(B10) -> 5 | B10: =yields!B9 -> 42061 | C10: =+yields!C9/100 -> 0.0056856 | D10: =+yields!D9/100 -> 0.0094205 | E10: =+yields!E9/100 -> 0.0144651 | G10: =(G$2-$B10)/360 -> 2.2944444 | H10: =(H$2-$B10)/360 -> 5.6333333 | I10: =(I$2-$B10)/360 -> 10.411111 | K10: =H10 -> 5.6333333 | L10: =K10^2 -> 31.734444 | M10: =+G10 -> 2.2944444 | N10: =+M10^2 -> 5.2644753 | O10: =+I10 -> 10.411111 | P10: =+O10^2 -> 108.39123 | R10: =100*EXP(-C10*G10) -> 98.703943 | S10: =100*EXP(-D10*H10) -> 94.831475 | T10: =100*EXP(-E10*I10) -> 86.019363 | U10: =-(S10/R10)*((K10*P10-L10*O10)/(M10*P10-N10*O10)) -> -1.3885264 | V10: =-(S10/T10)*((K10*N10-L10*M10)/(O10*N10-P10*M10)) -> -0.24538551 | W10: =S10+(U10*R10)+(V10*T10) -> -63.329461 | X10: =((W10/W9)-1)*100 -> 1.3260182
A11: =WEEKDAY(B11) -> 5 | B11: =yields!B10 -> 42068 | C11: =+yields!C10/100 -> 0.0069212 | D11: =+yields!D10/100 -> 0.0109158 | E11: =+yields!E10/100 -> 0.016155 | G11: =(G$2-$B11)/360 -> 2.275 | H11: =(H$2-$B11)/360 -> 5.6138889 | I11: =(I$2-$B11)/360 -> 10.391667 | K11: =H11 -> 5.6138889 | L11: =K11^2 -> 31.515748 | M11: =+G11 -> 2.275 | N11: =+M11^2 -> 5.175625 | O11: =+I11 -> 10.391667 | P11: =+O11^2 -> 107.98674 | R11: =100*EXP(-C11*G11) -> 98.437759 | S11: =100*EXP(-D11*H11) -> 94.055976 | T11: =100*EXP(-E11*I11) -> 84.54575 | U11: =-(S11/R11)*((K11*P11-L11*O11)/(M11*P11-N11*O11)) -> -1.3878909 | V11: =-(S11/T11)*((K11*N11-L11*M11)/(O11*N11-P11*M11)) -> -0.2472279 | W11: =S11+(U11*R11)+(V11*T11) -> -63.466961 | X11: =((W11/W10)-1)*100 -> 0.21711806
A12: =WEEKDAY(B12) -> 5 | B12: =yields!B11 -> 42075 | C12: =+yields!C11/100 -> 0.0065476 | D12: =+yields!D11/100 -> 0.0103223 | E12: =+yields!E11/100 -> 0.0158331 | G12: =(G$2-$B12)/360 -> 2.2555556 | H12: =(H$2-$B12)/360 -> 5.5944444 | I12: =(I$2-$B12)/360 -> 10.372222 | K12: =H12 -> 5.5944444 | L12: =K12^2 -> 31.297809 | M12: =+G12 -> 2.2555556 | N12: =+M12^2 -> 5.0875309 | O12: =+I12 -> 10.372222 | P12: =+O12^2 -> 107.58299 | R12: =100*EXP(-C12*G12) -> 98.534004 | S12: =100*EXP(-D12*H12) -> 94.388822 | T12: =100*EXP(-E12*I12) -> 84.855156 | U12: =-(S12/R12)*((K12*P12-L12*O12)/(M12*P12-N12*O12)) -> -1.3985761 | V12: =-(S12/T12)*((K12*N12-L12*M12)/(O12*N12-P12*M12)) -> -0.24680374 | W12: =S12+(U12*R12)+(V12*T12) -> -64.361052 | X12: =((W12/W11)-1)*100 -> 1.4087515
A13: =WEEKDAY(B13) -> 5 | B13: =yields!B12 -> 42082 | C13: =+yields!C12/100 -> 0.0056764 | D13: =+yields!D12/100 -> 0.0089732 | E13: =+yields!E12/100 -> 0.014104 | G13: =(G$2-$B13)/360 -> 2.2361111 | H13: =(H$2-$B13)/360 -> 5.575 | I13: =(I$2-$B13)/360 -> 10.352778 | K13: =H13 -> 5.575 | L13: =K13^2 -> 31.080625 | M13: =+G13 -> 2.2361111 | N13: =+M13^2 -> 5.0001929 | O13: =+I13 -> 10.352778 | P13: =+O13^2 -> 107.18001 | R13: =100*EXP(-C13*G13) -> 98.738716 | S13: =100*EXP(-D13*H13) -> 95.120508 | T13: =100*EXP(-E13*I13) -> 86.414424 | U13: =-(S13/R13)*((K13*P13-L13*O13)/(M13*P13-N13*O13)) -> -1.4137949 | V13: =-(S13/T13)*((K13*N13-L13*M13)/(O13*N13-P13*M13)) -> -0.24383731 | W13: =S13+(U13*R13)+(V13*T13) -> -65.546847 | X13: =((W13/W12)-1)*100 -> 1.8424099
A14: =WEEKDAY(B14) -> 5 | B14: =yields!B13 -> 42089 | C14: =+yields!C13/100 -> 0.0067055 | D14: =+yields!D13/100 -> 0.0102218 | E14: =+yields!E13/100 -> 0.0152322 | G14: =(G$2-$B14)/360 -> 2.2166667 | H14: =(H$2-$B14)/360 -> 5.5555556 | I14: =(I$2-$B14)/360 -> 10.333333 | K14: =H14 -> 5.5555556 | L14: =K14^2 -> 30.864198 | M14: =+G14 -> 2.2166667 | N14: =+M14^2 -> 4.9136111 | O14: =+I14 -> 10.333333 | P14: =+O14^2 -> 106.77778 | R14: =100*EXP(-C14*G14) -> 98.524606 | S14: =100*EXP(-D14*H14) -> 94.479455 | T14: =100*EXP(-E14*I14) -> 85.436276 | U14: =-(S14/R14)*((K14*P14-L14*O14)/(M14*P14-N14*O14)) -> -1.4147119 | V14: =-(S14/T14)*((K14*N14-L14*M14)/(O14*N14-P14*M14)) -> -0.2445718 | W14: =S14+(U14*R14)+(V14*T14) -> -65.799784 | X14: =((W14/W13)-1)*100 -> 0.38588707
A15: =WEEKDAY(B15) -> 5 | B15: =yields!B14 -> 42096 | C15: =+yields!C14/100 -> 0.0057758 | D15: =+yields!D14/100 -> 0.0089888 | E15: =+yields!E14/100 -> 0.0139831 | G15: =(G$2-$B15)/360 -> 2.1972222 | H15: =(H$2-$B15)/360 -> 5.5361111 | I15: =(I$2-$B15)/360 -> 10.313889 | K15: =H15 -> 5.5361111 | L15: =K15^2 -> 30.648526 | M15: =+G15 -> 2.1972222 | N15: =+M15^2 -> 4.8277855 | O15: =+I15 -> 10.313889 | P15: =+O15^2 -> 106.3763 | R15: =100*EXP(-C15*G15) -> 98.738947 | S15: =100*EXP(-D15*H15) -> 95.14549 | T15: =100*EXP(-E15*I15) -> 86.569715 | U15: =-(S15/R15)*((K15*P15-L15*O15)/(M15*P15-N15*O15)) -> -1.4291531 | V15: =-(S15/T15)*((K15*N15-L15*M15)/(O15*N15-P15*M15)) -> -0.24267711 | W15: =S15+(U15*R15)+(V15*T15) -> -66.976074 | X15: =((W15/W14)-1)*100 -> 1.7876816
... A54: =WEEKDAY(B54) -> 5 | B54: =yields!B53 -> 42369 | C54: =+yields!C53/100 -> 0.0059781 | D54: =+yields!D53/100 -> 0.0087645 | E54: =+yields!E53/100 -> 0.0150493 | G54: =(G$2-$B54)/360 -> 1.4388889 | H54: =(H$2-$B54)/360 -> 4.7777778 | I54: =(I$2-$B54)/360 -> 9.5555556 | K54: =H54 -> 4.7777778 | L54: =K54^2 -> 22.82716 | M54: =+G54 -> 1.4388889 | N54: =+M54^2 -> 2.0704012 | O54: =+I54 -> 9.5555556 | P54: =+O54^2 -> 91.308642 | R54: =100*EXP(-C54*G54) -> 99.143507 | S54: =100*EXP(-D54*H54) -> 95.898981 | T54: =100*EXP(-E54*I54) -> 86.605711 | U54: =-(S54/R54)*((K54*P54-L54*O54)/(M54*P54-N54*O54)) -> -1.8905869 | V54: =-(S54/T54)*((K54*N54-L54*M54)/(O54*N54-P54*M54)) -> -0.22775175 | W54: =S54+(U54*R54)+(V54*T54) -> -111.26503 | X54: =((W54/W53)-1)*100 -> 1.5470788

Sheet RECAP INDICATEUR
C4: Valeur du portefeuille | G4: Variation de la Valeur du portefeuille
C5: Immunisation 1 | D5: Immunisation 2 | G5: Immunisation 1 | H5: Immunisation 2
B6: Minimum | C6: =MIN('Immunisation 1'!$V$3:$V$54) -> 29.362642 | D6: =MIN('Immunisation 2'!$W$3:$W$54) -> -111.26503 | F6: Minimum | G6: =MIN('Immunisation 1'!$W$3:$W$54) -> -0.26967938 | H6: =MIN('Immunisation 2'!$X$3:$X$54) -> 0.21711806
B7: Maximum | C7: =MAX('Immunisation 1'!$V$3:$V$54) -> 29.871997 | D7: =MAX('Immunisation 2'!$W$3:$W$54) -> -57.178409 | F7: Maximum | G7: =MAX('Immunisation 1'!$W$3:$W$54) -> 0.64094367 | H7: =MAX('Immunisation 2'!$X$3:$X$54) -> 2.3094841
B8: Etendue | C8: =C7-C6 -> 0.50935505 | D8: =D7-D6 -> 54.086624 | F8: Etendue | G8: =G7-G6 -> 0.91062305 | H8: =H7-H6 -> 2.092366
B9: Moyenne | C9: =MIN('Immunisation 1'!$V$3:$V$54) -> 29.362642 | D9: =AVERAGE('Immunisation 2'!$W$3:$W$54) -> -80.098102 | F9: Moyenne | G9: =AVERAGE('Immunisation 1'!$W$3:$W$54) -> 0.032940992 | H9: =AVERAGE('Immunisation 2'!$X$3:$X$54) -> 1.314989
B10: Variance | C10: =MIN('Immunisation 1'!$V$3:$V$54) -> 29.362642 | D10: =_xlfn.VAR.P('Immunisation 2'!$W$3:$W$54) -> 231.60517 | F10: Variance | G10: =_xlfn.VAR.P('Immunisation 1'!$W$3:$W$54) -> 0.022121099 | H10: =_xlfn.VAR.P('Immunisation 2'!$X$3:$X$54) -> 0.21510605
B11: Ecart type | C11: =MIN('Immunisation 1'!$V$3:$V$54) -> 29.362642 | D11: =_xlfn.STDEV.P('Immunisation 2'!$W$3:$W$54) -> 15.21858 | F11: Ecart type | G11: =_xlfn.STDEV.P('Immunisation 1'!$W$3:$W$54) -> 0.14873163 | H11: =_xlfn.STDEV.P('Immunisation 2'!$X$3:$X$54) -> 0.46379527
