Workbook

Sheet yields
A1: Choix_Jeudi | B1: Date | C1: Date | D1: 42887 | E1: 44089 | F1: 45809 | G1: 45809
A2: =WEEKDAY(C2) -> 5 | B2: =C2 -> 42012 | C2: 42012 | D2: 1.04267 | E2: 1.46678 | F2: 1.93138 | G2: 1.8515
A3: =WEEKDAY(C3) -> 5 | B3: =C3 -> 42019 | C3: 42019 | D3: 0.87271 | E3: 1.24644 | F3: 1.68515 | G3: 1.62009
A4: =WEEKDAY(C4) -> 5 | B4: =C4 -> 42026 | C4: 42026 | D4: 0.61267 | E4: 1.08535 | F4: 1.6252 | G4: 1.57229
A5: =WEEKDAY(C5) -> 5 | B5: =C5 -> 42033 | C5: 42033 | D5: 0.51357 | E5: 0.93457 | F5: 1.4627 | G5: 1.39547
A6: =WEEKDAY(C6) -> 5 | B6: =C6 -> 42040 | C6: 42040 | D6: 0.48582 | E6: 0.9153 | F6: 1.44492 | G6: 1.3819
A7: =WEEKDAY(C7) -> 5 | B7: =C7 -> 42047 | C7: 42047 | D7: 0.48138 | E7: 0.93897 | F7: 1.47072 | G7: 1.42703
A8: =WEEKDAY(C8) -> 5 | B8: =C8 -> 42054 | C8: 42054 | D8: 0.48997 | E8: 0.98955 | F8: 1.53456 | G8: 1.47816
A9: =WEEKDAY(C9) -> 5 | B9: =C9 -> 42061 | C9: 42061 | D9: 0.56856 | E9: 0.94205 | F9: 1.44651 | G9: 1.38465
A10: =WEEKDAY(C10) -> 5 | B10: =C10 -> 42068 | C10: 42068 | D10: 0.69212 | E10: 1.09158 | F10: 1.6155 | G10: 1.54573
A11: =WEEKDAY(C11) -> 5 | B11: =C11 -> 42075 | C11: 42075 | D11: 0.65476 | E11: 1.03223 | F11: 1.58331 | G11: 1.51566
A12: =WEEKDAY(C12) -> 5 | B12: =C12 -> 42082 | C12: 42082 | D12: 0.56764 | E12: 0.89732 | F12: 1.4104 | G12: 1.33981
A13: =WEEKDAY(C13) -> 5 | B13: =C13 -> 42089 | C13: 42089 | D13: 0.67055 | E13: 1.02218 | F13: 1.52322 | G13: 1.45823
... A53: =WEEKDAY(C53) -> 5 | B53: =C53 -> 42369 | C53: 42369 | D53: 0.59781 | E53: 0.87645 | F53: 1.50493 | G53: 1.41887

Sheet maturity
A2: Choix_Jeudi | B2: =yields!C1 -> Date | C2: 42887 | D2: 44089 | E2: 45809
A3: =WEEKDAY(B3) -> 5 | B3: =yields!C2 -> 42012 | C3: =(C$2-$B3)/360 -> 2.4305556 | D3: =(D$2-$B3)/360 -> 5.7694444 | E3: =(E$2-$B3)/360 -> 10.547222
A4: =WEEKDAY(B4) -> 5 | B4: =yields!C3 -> 42019 | C4: =(C$2-$B4)/360 -> 2.4111111 | D4: =(D$2-$B4)/360 -> 5.75 | E4: =(E$2-$B4)/360 -> 10.527778
A5: =WEEKDAY(B5) -> 5 | B5: =yields!C4 -> 42026 | C5: =(C$2-$B5)/360 -> 2.3916667 | D5: =(D$2-$B5)/360 -> 5.7305556 | E5: =(E$2-$B5)/360 -> 10.508333
A6: =WEEKDAY(B6) -> 5 | B6: =yields!C5 -> 42033 | C6: =(C$2-$B6)/360 -> 2.3722222 | D6: =(D$2-$B6)/360 -> 5.7111111 | E6: =(E$2-$B6)/360 -> 10.488889
A7: =WEEKDAY(B7) -> 5 | B7: =yields!C6 -> 42040 | C7: =(C$2-$B7)/360 -> 2.3527778 | D7: =(D$2-$B7)/360 -> 5.6916667 | E7: =(E$2-$B7)/360 -> 10.469444
A8: =WEEKDAY(B8) -> 5 | B8: =yields!C7 -> 42047 | C8: =(C$2-$B8)/360 -> 2.3333333 | D8: =(D$2-$B8)/360 -> 5.6722222 | E8: =(E$2-$B8)/360 -> 10.45
A9: =WEEKDAY(B9) -> 5 | B9: =yields!C8 -> 42054 | C9: =(C$2-$B9)/360 -> 2.3138889 | D9: =(D$2-$B9)/360 -> 5.6527778 | E9: =(E$2-$B9)/360 -> 10.430556
A10: =WEEKDAY(B10) -> 5 | B10: =yields!C9 -> 42061 | C10: =(C$2-$B10)/360 -> 2.2944444 | D10: =(D$2-$B10)/360 -> 5.6333333 | E10: =(E$2-$B10)/360 -> 10.411111
A11: =WEEKDAY(B11) -> 5 | B11: =yields!C10 -> 42068 | C11: =(C$2-$B11)/360 -> 2.275 | D11: =(D$2-$B11)/360 -> 5.6138889 | E11: =(E$2-$B11)/360 -> 10.391667
A12: =WEEKDAY(B12) -> 5 | B12: =yields!C11 -> 42075 | C12: =(C$2-$B12)/360 -> 2.2555556 | D12: =(D$2-$B12)/360 -> 5.5944444 | E12: =(E$2-$B12)/360 -> 10.372222
A13: =WEEKDAY(B13) -> 5 | B13: =yields!C12 -> 42082 | C13: =(C$2-$B13)/360 -> 2.2361111 | D13: =(D$2-$B13)/360 -> 5.575 | E13: =(E$2-$B13)/360 -> 10.352778
A14: =WEEKDAY(B14) -> 5 | B14: =yields!C13 -> 42089 | C14: =(C$2-$B14)/360 -> 2.2166667 | D14: =(D$2-$B14)/360 -> 5.5555556 | E14: =(E$2-$B14)/360 -> 10.333333
... A54: =WEEKDAY(B54) -> 5 | B54: =yields!C53 -> 42369 | C54: =(C$2-$B54)/360 -> 1.4388889 | D54: =(D$2-$B54)/360 -> 4.7777778 | E54: =(E$2-$B54)/360 -> 9.5555556

Sheet Immunisation 1
C1: YIELD | G1: MATURITE | K1: OBLIGATION CIBLE | M1: OBLIGATION_Juin 2017 | O1: OBLIGATION_Juin 2025
A2: Choix_Jeudi | B2: =yields!C1 -> Date | C2: 42887 | D2: 44089 | E2: 45809 | G2: 42887 | H2: 44089 | I2: 45809 | K2: DURATION | L2: CONVEXITE | M2: DURATION | N2: CONVEXITE | O2: DURATION | P2: CONVEXITE | R2: Prix_2017 | S2: Prix_2020 | T2: Prix_2025 | U2: k::quantité_2025 | V2: Valeur Portefeuille | W2: variation
A3: =WEEKDAY(B3) -> 5 | B3: =yields!C2 -> 42012 | C3: =+yields!D2/100 -> 0.0104267 | D3: =+yields!E2/100 -> 0.0146678 | E3: =+yields!F2/100 -> 0.0193138 | G3: =(G$2-$B3)/360 -> 2.4305556 | H3: =(H$2-$B3)/360 -> 5.7694444 | I3: =(I$2-$B3)/360 -> 10.547222 | K3: =H3 -> 5.7694444 | L3: =K3^2 -> 33.286489 | M3: =+G3 -> 2.4305556 | N3: =+M3^2 -> 5.9076003 | O3: =+I3 -> 10.547222 | P3: =+O3^2 -> 111.2439 | R3: =100*EXP(-C3*G3) -> 97.497576 | S3: =100*EXP(-D3*H3) -> 91.885674 | T3: =100*EXP(-E3*I3) -> 81.570139 | U3: =((M3-K3)*R3)/((K3-O3)*T3) -> 0.83529261 | V3: =R3-(U3*T3) -> 29.362642
A4: =WEEKDAY(B4) -> 5 | B4: =yields!C3 -> 42019 | C4: =+yields!D3/100 -> 0.0087271 | D4: =+yields!E3/100 -> 0.0124644 | E4: =+yields!F3/100 -> 0.0168515 | G4: =(G$2-$B4)/360 -> 2.4111111 | H4: =(H$2-$B4)/360 -> 5.75 | I4: =(I$2-$B4)/360 -> 10.527778 | K4: =H4 -> 5.75 | L4: =K4^2 -> 33.0625 | M4: =+G4 -> 2.4111111 | N4: =+M4^2 -> 5.8134568 | O4: =+I4 -> 10.527778 | P4: =+O4^2 -> 110.8341 | R4: =100*EXP(-C4*G4) -> 97.917783 | S4: =100*EXP(-D4*H4) -> 93.083774 | T4: =100*EXP(-E4*I4) -> 83.743733 | U4: =((M4-K4)*R4)/((K4-O4)*T4) -> 0.81711894 | V4: =R4-(U4*T4) -> 29.489193 | W4: =((V4/V3)-1)*100 -> 0.4309927
A5: =WEEKDAY(B5) -> 5 | B5: =yields!C4 -> 42026 | C5: =+yields!D4/100 -> 0.0061267 | D5: =+yields!E4/100 -> 0.0108535 | E5: =+yields!F4/100 -> 0.016252 | G5: =(G$2-$B5)/360 -> 2.3916667 | H5: =(H$2-$B5)/360 -> 5.7305556 | I5: =(I$2-$B5)/360 -> 10.508333 | K5: =H5 -> 5.7305556 | L5: =K5^2 -> 32.839267 | M5: =+G5 -> 2.3916667 | N5: =+M5^2 -> 5.7200694 | O5: =+I5 -> 10.508333 | P5: =+O5^2 -> 110.42507 | R5: =100*EXP(-C5*G5) -> 98.545381 | S5: =100*EXP(-D5*H5) -> 93.969814 | T5: =100*EXP(-E5*I5) -> 84.300581 | U5: =((M5-K5)*R5)/((K5-O5)*T5) -> 0.81692414 | V5: =R5-(U5*T5) -> 29.678202 | W5: =((V5/V4)-1)*100 -> 0.64094367
A6: =WEEKDAY(B6) -> 5 | B6: =yields!C5 -> 42033 | C6: =+yields!D5/100 -> 0.0051357 | D6: =+yields!E5/100 -> 0.0093457 | E6: =+yields!F5/100 -> 0.014627 | G6: =(G$2-$B6)/360 -> 2.3722222 | H6: =(H$2-$B6)/360 -> 5.7111111 | I6: =(I$2-$B6)/360 -> 10.488889 | K6: =H6 -> 5.7111111 | L6: =K6^2 -> 32.61679 | M6: =+G6 -> 2.3722222 | N6: =+M6^2 -> 5.6274383 | O6: =+I6 -> 10.488889 | P6: =+O6^2 -> 110.01679 | R6: =100*EXP(-C6*G6) -> 98.789089 | S6: =100*EXP(-D6*H6) -> 94.802507 | T6: =100*EXP(-E6*I6) -> 85.776854 | U6: =((M6-K6)*R6)/((K6-O6)*T6) -> 0.80484988 | V6: =R6-(U6*T6) -> 29.751598 | W6: =((V6/V5)-1)*100 -> 0.24730555
A7: =WEEKDAY(B7) -> 5 | B7: =yields!C6 -> 42040 | C7: =+yields!D6/100 -> 0.0048582 | D7: =+yields!E6/100 -> 0.009153 | E7: =+yields!F6/100 -> 0.0144492 | G7: =(G$2-$B7)/360 -> 2.3527778 | H7: =(H$2-$B7)/360 -> 5.6916667 | I7: =(I$2-$B7)/360 -> 10.469444 | K7: =H7 -> 5.6916667 | L7: =K7^2 -> 32.395069 | M7: =+G7 -> 2.3527778 | N7: =+M7^2 -> 5.5355633 | O7: =+I7 -> 10.469444 | P7: =+O7^2 -> 109.60927 | R7: =100*EXP(-C7*G7) -> 98.863481 | S7: =100*EXP(-D7*H7) -> 94.92379 | T7: =100*EXP(-E7*I7) -> 85.961119 | U7: =((M7-K7)*R7)/((K7-O7)*T7) -> 0.80372941 | V7: =R7-(U7*T7) -> 29.774002 | W7: =((V7/V6)-1)*100 -> 0.075304006
A8: =WEEKDAY(B8) -> 5 | B8: =yields!C7 -> 42047 | C8: =+yields!D7/100 -> 0.0048138 | D8: =+yields!E7/100 -> 0.0093897 | E8: =+yields!F7/100 -> 0.0147072 | G8: =(G$2-$B8)/360 -> 2.3333333 | H8: =(H$2-$B8)/360 -> 5.6722222 | I8: =(I$2-$B8)/360 -> 10.45 | K8: =H8 -> 5.6722222 | L8: =K8^2 -> 32.174105 | M8: =+G8 -> 2.3333333 | N8: =+M8^2 -> 5.4444444 | O8: =+I8 -> 10.45 | P8: =+O8^2 -> 109.2025 | R8: =100*EXP(-C8*G8) -> 98.883065 | S8: =100*EXP(-D8*H8) -> 94.813302 | T8: =100*EXP(-E8*I8) -> 85.753761 | U8: =((M8-K8)*R8)/((K8-O8)*T8) -> 0.80583247 | V8: =R8-(U8*T8) -> 29.7799 | W8: =((V8/V7)-1)*100 -> 0.019808462
A9: =WEEKDAY(B9) -> 5 | B9: =yields!C8 -> 42054 | C9: =+yields!D8/100 -> 0.0048997 | D9: =+yields!E8/100 -> 0.0098955 | E9: =+yields!F8/100 -> 0.0153456 | G9: =(G$2-$B9)/360 -> 2.3138889 | H9: =(H$2-$B9)/360 -> 5.6527778 | I9: =(I$2-$B9)/360 -> 10.430556 | K9: =H9 -> 5.6527778 | L9: =K9^2 -> 31.953897 | M9: =+G9 -> 2.3138889 | N9: =+M9^2 -> 5.3540818 | O9: =+I9 -> 10.430556 | P9: =+O9^2 -> 108.79649 | R9: =100*EXP(-C9*G9) -> 98.872666 | S9: =100*EXP(-D9*H9) -> 94.559865 | T9: =100*EXP(-E9*I9) -> 85.208999 | U9: =((M9-K9)*R9)/((K9-O9)*T9) -> 0.81089907 | V9: =R9-(U9*T9) -> 29.776768 | W9: =((V9/V8)-1)*100 -> -0.010515586
A10: =WEEKDAY(B10) -> 5 | B10: =yields!C9 -> 42061 | C10: =+yields!D9/100 -> 0.0056856 | D10: =+yields!E9/100 -> 0.0094205 | E10: =+yields!F9/100 -> 0.0144651 | G10: =(G$2-$B10)/360 -> 2.2944444 | H10: =(H$2-$B10)/360 -> 5.6333333 | I10: =(I$2-$B10)/360 -> 10.411111 | K10: =H10 -> 5.6333333 | L10: =K10^2 -> 31.734444 | M10: =+G10 -> 2.2944444 | N10: =+M10^2 -> 5.2644753 | O10: =+I10 -> 10.411111 | P10: =+O10^2 -> 108.39123 | R10: =100*EXP(-C10*G10) -> 98.703943 | S10: =100*EXP(-D10*H10) -> 94.831475 | T10: =100*EXP(-E10*I10) -> 86.019363 | U10: =((M10-K10)*R10)/((K10-O10)*T10) -> 0.80188908 | V10: =R10-(U10*T10) -> 29.725955 | W10: =((V10/V9)-1)*100 -> -0.17064743
A11: =WEEKDAY(B11) -> 5 | B11: =yields!C10 -> 42068 | C11: =+yields!D10/100 -> 0.0069212 | D11: =+yields!E10/100 -> 0.0109158 | E11: =+yields!F10/100 -> 0.016155 | G11: =(G$2-$B11)/360 -> 2.275 | H11: =(H$2-$B11)/360 -> 5.6138889 | I11: =(I$2-$B11)/360 -> 10.391667 | K11: =H11 -> 5.6138889 | L11: =K11^2 -> 31.515748 | M11: =+G11 -> 2.275 | N11: =+M11^2 -> 5.175625 | O11: =+I11 -> 10.391667 | P11: =+O11^2 -> 107.98674 | R11: =100*EXP(-C11*G11) -> 98.437759 | S11: =100*EXP(-D11*H11) -> 94.055976 | T11: =100*EXP(-E11*I11) -> 84.54575 | U11: =((M11-K11)*R11)/((K11-O11)*T11) -> 0.8136656 | V11: =R11-(U11*T11) -> 29.64579 | W11: =((V11/V10)-1)*100 -> -0.26967938
A12: =WEEKDAY(B12) -> 5 | B12: =yields!C11 -> 42075 | C12: =+yields!D11/100 -> 0.0065476 | D12: =+yields!E11/100 -> 0.0103223 | E12: =+yields!F11/100 -> 0.0158331 | G12: =(G$2-$B12)/360 -> 2.2555556 | H12: =(H$2-$B12)/360 -> 5.5944444 | I12: =(I$2-$B12)/360 -> 10.372222 | K12: =H12 -> 5.5944444 | L12: =K12^2 -> 31.297809 | M12: =+G12 -> 2.2555556 | N12: =+M12^2 -> 5.0875309 | O12: =+I12 -> 10.372222 | P12: =+O12^2 -> 107.58299 | R12: =100*EXP(-C12*G12) -> 98.534004 | S12: =100*EXP(-D12*H12) -> 94.388822 | T12: =100*EXP(-E12*I12) -> 84.855156 | U12: =((M12-K12)*R12)/((K12-O12)*T12) -> 0.81149139 | V12: =R12-(U12*T12) -> 29.674776 | W12: =((V12/V11)-1)*100 -> 0.097773211
A13: =WEEKDAY(B13) -> 5 | B13: =yields!C12 -> 42082 | C13: =+yields!D12/100 -> 0.0056764 | D13: =+yields!E12/100 -> 0.0089732 | E13: =+yields!F12/100 -> 0.014104 | G13: =(G$2-$B13)/360 -> 2.2361111 | H13: =(H$2-$B13)/360 -> 5.575 | I13: =(I$2-$B13)/360 -> 10.352778 | K13: =H13 -> 5.575 | L13: =K13^2 -> 31.080625 | M13: =+G13 -> 2.2361111 | N13: =+M13^2 -> 5.0001929 | O13: =+I13 -> 10.352778 | P13: =+O13^2 -> 107.18001 | R13: =100*EXP(-C13*G13) -> 98.738716 | S13: =100*EXP(-D13*H13) -> 95.120508 | T13: =100*EXP(-E13*I13) -> 86.414424 | U13: =((M13-K13)*R13)/((K13-O13)*T13) -> 0.79850429 | V13: =R13-(U13*T13) -> 29.736427 | W13: =((V13/V12)-1)*100 -> 0.20775696
A14: =WEEKDAY(B14) -> 5 | B14: =yields!C13 -> 42089 | C14: =+yields!D13/100 -> 0.0067055 | D14: =+yields!E13/100 -> 0.0102218 | E14: =+yields!F13/100 -> 0.0152322 | G14: =(G$2-$B14)/360 -> 2.2166667 | H14: =(H$2-$B14)/360 -> 5.5555556 | I14: =(I$2-$B14)/360 -> 10.333333 | K14: =H14 -> 5.5555556 | L14: =K14^2 -> 30.864198 | M14: =+G14 -> 2.2166667 | N14: =+M14^2 -> 4.9136111 | O14: =+I14 -> 10.333333 | P14: =+O14^2 -> 106.77778 | R14: =100*EXP(-C14*G14) -> 98.524606 | S14: =100*EXP(-D14*H14) -> 94.479455 | T14: =100*EXP(-E14*I14) -> 85.436276 | U14: =((M14-K14)*R14)/((K14-O14)*T14) -> 0.80589492 | V14: =R14-(U14*T14) -> 29.671945 | W14: =((V14/V13)-1)*100 -> -0.21684427
A15: =WEEKDAY(B15) -> 5 | B15: =yields!C14 -> 42096 | C15: =+yields!D14/100 -> 0.0057758 | D15: =+yields!E14/100 -> 0.0089888 | E15: =+yields!F14/100 -> 0.0139831 | G15: =(G$2-$B15)/360 -> 2.1972222 | H15: =(H$2-$B15)/360 -> 5.5361111 | I15: =(I$2-$B15)/360 -> 10.313889 | K15: =H15 -> 5.5361111 | L15: =K15^2 -> 30.648526 | M15: =+G15 -> 2.1972222 | N15: =+M15^2 -> 4.8277855 | O15: =+I15 -> 10.313889 | P15: =+O15^2 -> 106.3763 | R15: =100*EXP(-C15*G15) -> 98.738947 | S15: =100*EXP(-D15*H15) -> 95.14549 | T15: =100*EXP(-E15*I15) -> 86.569715 | U15: =((M15-K15)*R15)/((K15-O15)*T15) -> 0.79707378 | V15: =R15-(U15*T15) -> 29.736497 | W15: =((V15/V14)-1)*100 -> 0.21755052
... A54: =WEEKDAY(B54) -> 5 | B54: =yields!C53 -> 42369 | C54: =+yields!D53/100 -> 0.0059781 | D54: =+yields!E53/100 -> 0.0087645 | E54: =+yields!F53/100 -> 0.0150493 | G54: =(G$2-$B54)/360 -> 1.4388889 | H54: =(H$2-$B54)/360 -> 4.7777778 | I54: =(I$2-$B54)/360 -> 9.5555556 | K54: =H54 -> 4.7777778 | L54: =K54^2 -> 22.82716 | M54: =+G54 -> 1.4388889 | N54: =+M54^2 -> 2.0704012 | O54: =+I54 -> 9.5555556 | P54: =+O54^2 -> 91.308642 | R54: =100*EXP(-C54*G54) -> 99.143507 | S54: =100*EXP(-D54*H54) -> 95.898981 | T54: =100*EXP(-E54*I54) -> 86.605711 | U54: =((M54-K54)*R54)/((K54-O54)*T54) -> 0.80000696 | V54: =R54-(U54*T54) -> 29.858335 | W54: =((V54/V53)-1)*100 -> 0.011989385
